Date,Is returning customer,Gross sales,Discounts,Returns,Net sales,Shipping,Tax,Duties,Total sales,Orders,Customer count,Ordered quantity,Returned quantity,Net quantity,Units per transaction,Avg. order value,Cost of goods sold,Gross profit,Items,Avg. number of items
2024-01-01,FALSE,110,0,0,110,25.3,0,0,135.3,2,2,3,0,3,1.5,55,47.74,62.26,,
2024-01-01,TRUE,492.5,15.82,0,476.68,110.57,0,0,587.25,13,13,19,0,19,1.46,36.67,201.3,275.38,,
2024-01-02,FALSE,50,0,0,50,8.04,0,0,58.04,1,1,4,0,4,4,50,15.12,34.88,,
2024-01-02,TRUE,1178.5,87.58,0,1090.92,227.19,0,0,1318.11,24,20,51,0,51,2.13,45.46,360.48,730.44,,
2024-01-03,FALSE,75,7.5,0,67.5,16.47,0,0,83.97,138,138,142,0,142,1.03,0.49,24.6,42.9,,
2024-01-03,TRUE,209.5,16.97,0,192.53,55.85,0,0,248.38,7,5,13,1,12,1.86,27.5,59.04,133.49,,
2024-01-04,FALSE,130,2.65,0,127.35,24.96,0,0,152.31,3,3,6,0,6,2,42.45,35.67,91.68,,
2024-01-04,TRUE,335,28.39,0,306.61,92.56,0,0,399.17,10,8,18,0,18,1.8,30.66,90.37,216.24,,
2024-01-05,FALSE,181.5,0,0,181.5,17.11,0,0,198.61,2,2,7,0,7,3.5,90.75,65,116.5,,
2024-01-05,TRUE,336.3,20.3,0,316,92.04,0,0,408.04,6,5,16,0,16,2.67,52.67,135.65,180.35,,
2024-01-06,FALSE,94,3.6,0,90.4,25.24,0,0,115.64,3,3,3,0,3,1,30.13,34.74,55.66,,
2024-01-06,TRUE,201.5,4.7,0,196.8,41.13,0,0,237.93,4,4,11,0,11,2.75,49.2,131.47,65.33,,
2024-01-07,FALSE,157,6.6,0,150.4,34.5,0,0,184.9,3,3,4,0,4,1.33,50.13,48.79,101.61,,
2024-01-07,TRUE,291.5,19.97,0,271.53,75.67,0,0,347.2,8,8,16,0,16,2,33.94,98.71,172.82,,
2024-01-08,TRUE,284,24.14,0,259.86,68.09,0,0,327.95,9,7,16,0,16,1.78,28.87,221.7,38.16,,
2024-01-09,FALSE,148.5,14.85,0,133.65,16.94,0,0,150.59,2,2,11,0,11,5.5,66.83,47.53,86.12,,
2024-01-09,TRUE,671.25,45.62,0,625.63,182.96,0,0,808.59,21,21,38,0,38,1.81,29.79,181.32,444.31,,
2024-01-10,FALSE,208.5,12.4,12.5,183.6,39.9,0,0,223.5,4,4,10,0,10,2.5,49.03,58.68,124.92,,
2024-01-10,TRUE,513.3,46.22,30.52,436.56,103.42,0,0,539.98,14,13,25,0,25,1.79,33.36,136.68,299.88,,
2024-01-11,FALSE,278.5,2,0,276.5,53.32,0,0,329.82,14,14,19,0,19,1.36,19.75,74.82,201.68,,
2024-01-11,TRUE,275,22.92,0,252.08,58.85,0,0,310.93,7,7,13,0,13,1.86,36.01,90.87,161.21,,
2024-01-12,FALSE,73.5,3.9,0,69.6,16.39,0,0,85.99,3,3,6,0,6,2,23.2,22.22,47.38,,
2024-01-12,TRUE,231.5,29.14,0,202.36,64.26,0,0,266.62,10,9,13,0,13,1.3,20.24,75.27,127.09,,
2024-01-13,FALSE,106.5,0,0,106.5,16.04,0,0,122.54,4,2,4,0,4,1,26.63,14.49,92.01,,
2024-01-13,TRUE,496.5,31.6,0,464.9,90.88,0,0,555.78,10,10,23,0,23,2.3,46.49,128.82,336.08,,
2024-01-14,FALSE,515,10.3,0,504.7,29.68,0,0,534.38,17,3,23,0,23,1.35,29.69,35.21,469.49,,
2024-01-14,TRUE,157,6.25,0,150.75,38.03,0,0,188.78,4,4,12,0,12,3,37.69,30.99,119.76,,
2024-01-15,FALSE,117.5,4.4,0,113.1,24.38,0,0,137.48,3,3,7,0,7,2.33,37.7,49.42,63.68,,
2024-01-15,TRUE,265,15.07,0,249.93,59.44,0,0,309.37,6,6,11,0,11,1.83,41.66,162.6,87.33,,
2024-01-16,FALSE,12.5,1.25,0,11.25,9.65,0,0,20.9,1,1,1,0,1,1,11.25,3.97,7.28,,
2024-01-16,TRUE,539.5,31.67,0,507.83,77.27,0,0,585.1,8,8,20,0,20,2.5,63.48,93,414.83,,
2024-01-17,FALSE,264,51.3,0,212.7,34.34,0,0,247.04,5,5,13,0,13,2.6,42.54,72.66,140.04,,
2024-01-17,TRUE,563,20.2,0,542.8,108,0,0,650.8,14,14,33,0,33,2.36,38.77,154.99,387.81,,
2024-01-18,FALSE,406.4,9,0,397.4,41.05,3.65,0,442.1,5,5,18,0,18,3.6,79.48,123.98,273.42,,
2024-01-18,TRUE,685.5,39.77,0,645.73,91.47,0,0,737.2,10,8,32,0,32,3.2,64.57,217.31,428.42,,
2024-01-19,FALSE,62.5,6.25,0,56.25,8.44,0,0,64.69,1,1,5,0,5,5,56.25,19.36,36.89,,
2024-01-19,TRUE,345.3,6.25,0,339.05,75.58,0,0,414.63,8,8,14,0,14,1.75,42.38,100.67,238.38,,
2024-01-20,FALSE,348,19.6,0,328.4,29.39,0,0,357.79,3,3,11,0,11,3.67,109.47,90.76,237.64,,
2024-01-20,TRUE,127,0,0,127,32.64,0,0,159.64,3,3,6,0,6,2,42.33,60.08,66.92,,
2024-01-21,FALSE,163,1.87,0,161.13,41.78,0,0,202.91,4,4,8,0,8,2,40.28,35.84,125.29,,
2024-01-21,TRUE,82,5,0,77,27.25,0,0,104.25,3,3,6,0,6,2,25.67,24.14,52.86,,
2024-01-22,FALSE,246.5,24.65,0,221.85,32.56,0,0,254.41,4,4,10,0,10,2.5,55.46,101.46,120.39,,
2024-01-22,TRUE,360,5.8,0,354.2,48.37,2.59,0,405.16,6,6,13,0,13,2.17,59.03,98.09,256.11,,
2024-01-23,FALSE,111,5.95,0,105.05,16.51,0,0,121.56,2,2,8,0,8,4,52.53,24.49,80.56,,
2024-01-23,TRUE,1031,26.4,0,1004.6,169.77,4.91,0,1179.28,15,14,41,0,41,2.73,66.97,280.16,724.44,,
2024-01-24,FALSE,342,23.4,0,318.6,49.3,0,0,367.9,5,5,10,0,10,2,63.72,124.54,194.06,,
2024-01-24,TRUE,625.8,16.77,0,609.03,133.2,4.62,0,746.85,14,14,26,0,26,1.86,43.5,122.63,486.4,,
2024-01-25,FALSE,136,20.4,0,115.6,8.07,0,0,123.67,1,1,7,0,7,7,115.6,36.52,79.08,,
2024-01-25,TRUE,344,19.74,0,324.26,42.81,0,0,367.07,5,5,16,0,16,3.2,64.85,68.41,255.85,,
2024-01-26,FALSE,309.5,0,0,309.5,0,0,0,309.5,9,9,23,0,23,2.56,34.39,95.76,213.74,,
2024-01-26,TRUE,4143.5,363.64,0,3779.86,62.77,0,0,3842.63,85,81,219,0,219,2.58,44.47,985.51,2794.35,,
2024-01-27,TRUE,189.75,8.93,0,180.82,24.23,0,0,205.05,3,3,9,0,9,3,60.27,69.13,111.69,,
2024-01-28,FALSE,130.5,11.47,0,119.03,21.89,0,0,140.92,2,2,3,0,3,1.5,59.52,47.91,71.12,,
2024-01-28,TRUE,203.5,0,0,203.5,24.03,0,0,227.53,5,5,10,0,10,2,40.7,55.5,148,,
2024-01-29,FALSE,66,0,0,66,7.98,0,0,73.98,5,5,7,0,7,1.4,13.2,11.82,54.18,,
2024-01-29,TRUE,343,8.05,0,334.95,47.96,0,0,382.91,5,5,12,0,12,2.4,66.99,141.42,193.53,,
2024-01-30,FALSE,37.5,0,0,37.5,8.24,0,0,45.74,1,1,3,0,3,3,37.5,10.73,26.77,,
2024-01-30,TRUE,287.75,12.6,0,275.15,63.26,0,0,338.41,7,7,13,0,13,1.86,39.31,83.25,191.9,,
2024-01-31,FALSE,96,96,0,0,0,0,0,0,5,5,5,0,5,1,0,40,-40,,
2024-01-31,TRUE,257,8.8,0,248.2,41.06,0,0,289.26,7,7,18,0,18,2.57,35.46,41.45,206.75,,
2024-02-01,FALSE,37.5,0,0,37.5,7.98,0,0,45.48,1,1,3,0,3,3,37.5,11.55,25.95,,
2024-02-01,TRUE,974.5,15.54,0,958.96,211.12,0,0,1170.08,22,18,48,0,48,2.18,43.59,173.88,785.08,,
2024-02-02,FALSE,0,0,0,0,0,0,0,0,1,1,1,0,1,1,0,,0,,
2024-02-02,TRUE,286.9,15,22.5,249.4,46.68,0,0,296.08,6,6,12,1,11,2,45.32,62.56,186.84,,
2024-02-03,FALSE,156.5,6.25,0,150.25,23.56,0,0,173.81,2,2,7,0,7,3.5,75.13,57.5,92.75,,
2024-02-03,TRUE,212.5,0,0,212.5,33.81,0,0,246.31,4,4,6,0,6,1.5,53.13,60.13,152.37,,
2024-02-04,FALSE,73.5,3.75,0,69.75,16,0,0,85.75,2,2,4,0,4,2,34.88,24.28,45.47,,
2024-02-04,TRUE,572.75,33.03,58,481.72,89.8,0,0,571.52,11,11,26,2,24,2.36,49.07,189.96,291.76,,
2024-02-05,FALSE,265.5,14.1,0,251.4,40.43,0,0,291.83,4,4,6,0,6,1.5,62.85,72.91,178.49,,
2024-02-05,TRUE,527.8,9.7,0,518.1,120.36,0,0,638.46,15,15,39,0,39,2.6,34.54,164.43,353.67,,
2024-02-06,FALSE,78.5,5.6,0,72.9,8.16,0,0,81.06,1,1,5,0,5,5,72.9,6.59,66.31,,
2024-02-06,TRUE,412.3,0,0,412.3,51.92,0,0,464.22,8,8,19,0,19,2.38,51.54,158.27,254.03,,
2024-02-07,FALSE,106,21.2,0,84.8,7.98,0,0,92.78,1,1,5,0,5,5,84.8,68.04,16.76,,
2024-02-07,TRUE,172,33.3,0,138.7,38.27,0,0,176.97,5,5,12,0,12,2.4,27.74,31.31,107.39,,
2024-02-08,FALSE,100.5,12.1,0,88.4,26.08,0,0,114.48,3,3,5,0,5,1.67,29.47,43.17,45.23,,
2024-02-08,TRUE,221.4,8.8,0,212.6,48.83,0,0,261.43,5,5,15,0,15,3,42.52,96.63,115.97,,
2024-02-09,TRUE,269.5,14.5,17.6,237.4,70.35,0,0,307.75,9,9,16,0,16,1.78,28.33,99.82,137.58,,
2024-02-10,FALSE,166.5,14.15,0,152.35,23.99,2.9,0,179.24,3,3,12,0,12,4,50.78,42.37,109.98,,
2024-02-10,TRUE,244.25,22,0,222.25,60.53,0,0,282.78,6,6,9,0,9,1.5,37.04,54.79,167.46,,
2024-02-11,FALSE,486,6.25,0,479.75,15.96,0,0,495.71,16,2,20,0,20,1.25,29.98,20.55,459.2,,
2024-02-11,TRUE,227.3,90,0,137.3,35.21,0,0,172.51,5,5,10,0,10,2,27.46,83.39,53.91,,
2024-02-12,TRUE,233.1,0,0,233.1,33.57,0,0,266.67,4,4,6,0,6,1.5,58.28,63.47,169.63,,
2024-02-13,FALSE,1414.5,1233.2,0,181.3,38.05,0,0,219.35,5,5,68,0,68,13.6,36.26,59.13,122.17,,
2024-02-13,TRUE,84.5,4.37,0,80.13,16.01,0,0,96.14,3,3,3,0,3,1,26.71,19.09,61.04,,
2024-02-14,FALSE,-200,-200,0,0,0,0,0,0,1,1,6,16,-10,6,0,0,0,,
2024-02-14,TRUE,522,89.12,0,432.88,88.76,0,0,521.64,10,9,30,0,30,3,43.29,137.27,295.61,,
2024-02-15,FALSE,110,22,21.26,66.74,8.07,0,0,74.81,1,1,5,2,3,5,88,55.45,11.29,,
2024-02-15,TRUE,108,4.37,0,103.63,41.07,0,0,144.7,4,4,6,0,6,1.5,25.91,30.8,72.83,,
2024-02-16,FALSE,215,173.75,0,41.25,16.11,0,0,57.36,5,5,10,0,10,2,8.25,110.03,-68.78,,
2024-02-16,TRUE,403,74.74,0,328.26,125.17,0,0,453.43,15,8,28,0,28,1.87,21.88,120.08,208.18,,
2024-02-17,FALSE,25,2.5,0,22.5,7.98,0,0,30.48,1,1,2,0,2,2,22.5,7.73,14.77,,
2024-02-17,TRUE,763.5,112.65,0,650.85,30.22,0,0,681.07,3,3,37,0,37,12.33,216.95,31.82,619.03,,
2024-02-18,FALSE,212,8.15,0,203.85,24.16,0,0,228.01,3,3,8,0,8,2.67,67.95,96.27,107.58,,
2024-02-18,TRUE,610.05,22.49,12.5,575.06,146.11,0,0,721.17,16,15,40,1,39,2.5,36.72,242.92,332.14,,
2024-02-19,FALSE,151.5,4.9,0,146.6,34.24,0,0,180.84,4,4,8,0,8,2,36.65,79.54,67.06,,
2024-02-19,TRUE,50,0,0,50,17.19,0,0,67.19,2,2,4,0,4,2,25,15.67,34.33,,
2024-02-20,FALSE,319,192,0,127,22.37,0,0,149.37,4,4,10,0,10,2.5,31.75,118.39,8.61,,
2024-02-20,TRUE,385.75,30.09,0,355.66,73.53,0,0,429.19,9,9,18,0,18,2,39.52,123.3,232.36,,
2024-02-21,FALSE,52,29.05,0,22.95,7.94,2.68,0,33.57,2,2,3,0,3,1.5,11.48,7.82,15.13,,
2024-02-21,TRUE,193.5,19.6,22.5,151.4,32.01,2.86,0,186.27,8,6,15,2,13,1.88,21.74,46.79,104.61,,
2024-02-22,FALSE,143,143,0,0,0,0,0,0,2,2,3,0,3,1.5,0,40,-40,,
2024-02-22,TRUE,197,31.9,0,165.1,35.79,0,0,200.89,4,4,10,0,10,2.5,41.28,48.52,116.58,,
2024-02-23,FALSE,175.5,2.5,0,173,32.05,2.67,0,207.72,4,4,11,0,11,2.75,43.25,48.27,124.73,,
2024-02-23,TRUE,81.5,13.17,0,68.33,23.95,0,0,92.28,5,5,7,0,7,1.4,13.67,11.73,56.6,,
2024-02-24,FALSE,176,11,0,165,24.12,0,0,189.12,3,3,6,0,6,2,55,54.23,110.77,,
2024-02-24,TRUE,879.5,27.42,0,852.08,164.29,0,0,1016.37,19,19,49,0,49,2.58,44.85,96.93,755.15,,
2024-02-25,FALSE,282,32.5,0,249.5,8.02,0,0,257.52,11,3,20,0,20,1.82,22.68,65.98,183.52,,
2024-02-25,TRUE,444.5,43.6,0,400.9,87.7,0,0,488.6,11,11,24,0,24,2.18,36.45,54.35,346.55,,
2024-02-26,FALSE,174,39.5,0,134.5,26.58,0,0,161.08,4,4,12,0,12,3,33.63,39.28,95.22,,
2024-02-26,TRUE,418.8,2.2,0,416.6,81.98,0,0,498.58,10,10,20,0,20,2,41.66,52.76,363.84,,
2024-02-27,FALSE,194,9.35,0,184.65,43.51,3.11,0,231.27,5,5,11,0,11,2.2,36.93,59.41,125.24,,
2024-02-27,TRUE,202.5,42.2,0,160.3,52.59,0,0,212.89,5,5,13,0,13,2.6,32.06,62.9,97.4,,
2024-02-28,FALSE,47,0,0,47,7.98,0,0,54.98,2,2,4,0,4,2,23.5,8.85,38.15,,
2024-02-28,TRUE,263.7,6.57,0,257.13,58.44,0,0,315.57,10,9,14,0,14,1.4,25.71,49.46,207.67,,
2024-02-29,FALSE,133.5,12.17,0,121.33,39.34,0,0,160.67,4,4,7,0,7,1.75,30.33,22.97,98.36,,
2024-02-29,TRUE,702.9,93.75,0,609.15,153.71,0,0,762.86,16,16,36,0,36,2.25,38.07,261,348.15,,
2024-03-01,FALSE,71.3,5,0,66.3,16.01,0,0,82.31,2,2,5,0,5,2.5,33.15,34.44,31.86,,
2024-03-01,TRUE,312,85.05,0,226.95,151.45,0,0,378.4,14,4,17,0,17,1.21,16.21,144.05,82.9,,
2024-03-02,FALSE,96,9.6,0,86.4,8.07,0,0,94.47,1,1,1,0,1,1,86.4,40,46.4,,
2024-03-02,TRUE,219.5,24.17,0,195.33,55.2,0,0,250.53,6,3,13,0,13,2.17,32.56,70.69,124.64,,
2024-03-03,FALSE,25,2.5,0,22.5,7.98,0,0,30.48,1,1,2,0,2,2,22.5,7.91,14.59,,
2024-03-03,TRUE,148.8,0,0,148.8,35.39,0,0,184.19,4,4,6,0,6,1.5,37.2,51.38,97.42,,
2024-03-04,FALSE,86,6.1,0,79.9,19.26,0,0,99.16,3,3,6,1,5,2,26.63,27.94,51.96,,
2024-03-04,TRUE,140.5,12.07,0,128.43,59.17,0,0,187.6,6,6,8,0,8,1.33,21.41,60.02,68.41,,
2024-03-05,FALSE,81.5,0,0,81.5,16.05,0,0,97.55,2,2,5,0,5,2.5,40.75,23.06,58.44,,
2024-03-05,TRUE,259,24.6,0,234.4,58.81,0,0,293.21,7,6,12,0,12,1.71,33.49,124.57,109.83,,
2024-03-06,FALSE,36,0,0,36,7.98,0,0,43.98,1,1,1,0,1,1,36,11.34,24.66,,
2024-03-06,TRUE,262.8,13.17,0,249.63,48.25,0,0,297.88,7,7,15,0,15,2.14,35.66,60.76,188.87,,
2024-03-07,FALSE,249,29.5,0,219.5,41.63,0,0,261.13,4,4,10,0,10,2.5,54.88,52,167.5,,
2024-03-07,TRUE,1565.5,264.97,0,1300.53,244.54,0,0,1545.07,27,25,93,0,93,3.44,48.17,363.63,936.9,,
2024-03-08,FALSE,101.5,50.3,0,51.2,15.96,0,0,67.16,3,3,8,0,8,2.67,17.07,30.38,20.82,,
2024-03-08,TRUE,902.9,131.07,0,771.83,157.68,0,0,929.51,18,18,55,0,55,3.06,42.88,181.72,590.11,,
2024-03-09,FALSE,171,24.4,0,146.6,33.2,0,0,179.8,4,4,11,0,11,2.75,36.65,61.12,85.48,,
2024-03-09,TRUE,486.5,62.3,0,424.2,97.21,2.8,0,524.21,11,11,32,0,32,2.91,38.56,85.28,338.92,,
2024-03-10,FALSE,176,0,0,176,0,0,0,176,8,,8,0,8,1,22,,176,,
2024-03-10,TRUE,284.25,37.7,0,246.55,81.09,0,0,327.64,10,10,17,0,17,1.7,24.66,59.92,186.63,,
2024-03-11,FALSE,50,0,0,50,7.93,0,0,57.93,1,1,4,0,4,4,50,15.12,34.88,,
2024-03-11,TRUE,169.8,0,0,169.8,48.21,0,0,218.01,6,5,9,0,9,1.5,28.3,97.49,72.31,,
2024-03-12,FALSE,66,0,0,66,17.78,0,0,83.78,1,1,1,0,1,1,66,20,46,,
2024-03-12,TRUE,439.1,42.42,0,396.68,71.97,0,0,468.65,8,8,21,0,21,2.63,49.59,119.54,277.14,,
2024-03-13,FALSE,75,75,0,0,0,0,0,0,1,1,6,0,6,6,0,24.3,-24.3,,
2024-03-13,TRUE,347,142.65,0,204.35,24.16,0,0,228.51,8,8,21,0,21,2.63,25.54,90.17,114.18,,
2024-03-14,FALSE,22,22,0,0,0,0,0,0,1,1,1,0,1,1,0,5,-5,,
2024-03-14,TRUE,250,33.6,0,216.4,53.11,0,0,269.51,7,7,12,0,12,1.71,30.91,65.63,150.77,,
2024-03-15,FALSE,236.5,17.7,0,218.8,48.56,0,0,267.36,5,5,12,0,12,2.4,43.76,42.21,176.59,,
2024-03-15,TRUE,1176.1,52.54,0,1123.56,214.43,0,0,1337.99,24,23,64,0,64,2.67,46.82,260.03,863.53,,
2024-03-16,FALSE,131.5,1.25,0,130.25,20.93,0,0,151.18,3,3,9,0,9,3,43.42,15.76,114.49,,
2024-03-16,TRUE,94.5,7.5,0,87,28.46,0,0,115.46,4,4,6,0,6,1.5,21.75,22.08,64.92,,
2024-03-17,FALSE,144,30.38,0,113.62,13.74,0,0,127.36,3,3,10,0,10,3.33,37.87,45.29,68.33,,
2024-03-17,TRUE,1114.5,33.44,0,1081.06,147.65,0,0,1228.71,18,17,67,0,67,3.72,60.06,151.88,929.18,,
2024-03-18,FALSE,411.5,50,0,361.5,41.32,0,0,402.82,5,5,21,0,21,4.2,72.3,130.16,231.34,,
2024-03-18,TRUE,578,36.37,0,541.63,85.17,0,0,626.8,12,12,22,0,22,1.83,45.14,239.76,301.87,,
2024-03-19,FALSE,120.5,12.2,0,108.3,20.94,0,0,129.24,3,3,8,0,8,2.67,36.1,30.12,78.18,,
2024-03-19,TRUE,214.4,32.4,0,182,15.25,0,0,197.25,5,5,11,0,11,2.2,36.4,85.81,96.19,,
2024-03-20,FALSE,91.5,0,0,91.5,14.04,0,0,105.54,2,2,6,0,6,3,45.75,3.94,87.56,,
2024-03-20,TRUE,287,15.4,0,271.6,20.92,0,0,292.52,6,6,13,0,13,2.17,45.27,126,145.6,,
2024-03-21,FALSE,0,0,0,0,8.65,0,0,8.65,2,2,2,0,2,1,0,,0,,
2024-03-21,TRUE,84.5,5,0,79.5,14.52,0,0,94.02,2,2,6,0,6,3,39.75,15.64,63.86,,
2024-03-22,FALSE,399.5,36,0,363.5,31.27,0,0,394.77,10,10,22,0,22,2.2,36.35,112.2,251.3,,
2024-03-22,TRUE,1804.25,63.52,0,1740.73,42.96,0,0,1783.69,48,46,112,0,112,2.33,36.27,485.88,1254.85,,
2024-03-23,FALSE,91,6.6,0,84.4,7.27,0,0,91.67,2,2,5,0,5,2.5,42.2,42.21,42.19,,
2024-03-23,TRUE,1108.25,3.45,0,1104.8,25.79,0,0,1130.59,27,27,61,0,61,2.26,40.92,343.89,760.91,,
2024-03-24,FALSE,324,0,0,324,0,0,0,324,12,,13,0,13,1.08,27,,324,,
2024-03-24,TRUE,91,0,0,91,14.4,0,0,105.4,2,2,5,0,5,2.5,45.5,75.74,15.26,,
2024-03-25,TRUE,216.2,0,0,216.2,40.86,0,0,257.06,5,5,6,0,6,1.2,43.24,76.19,140.01,,
2024-03-26,FALSE,25,2.5,0,22.5,9.08,0,0,31.58,2,2,3,0,3,1.5,11.25,7.73,14.77,,
2024-03-26,TRUE,736.8,131.35,0,605.45,93.15,0,0,698.6,19,18,45,0,45,2.37,31.87,201.52,403.93,,
2024-03-27,FALSE,271.5,81.4,0,190.1,30.39,0,0,220.49,5,5,14,0,14,2.8,38.02,66.75,123.35,,
2024-03-27,TRUE,227.5,11.99,0,215.51,38.6,0,0,254.11,8,7,12,0,12,1.5,26.94,84.31,131.2,,
2024-03-28,FALSE,25,0,0,25,7.26,0,0,32.26,1,1,2,0,2,2,25,7.91,17.09,,
2024-03-28,TRUE,436,40,0,396,79.82,0,0,475.82,13,13,36,0,36,2.77,30.46,124.39,271.61,,
2024-03-29,FALSE,91,15.7,0,75.3,18.28,0,0,93.58,2,2,3,0,3,1.5,37.65,28.94,46.36,,
2024-03-29,TRUE,203.7,0,0,203.7,22.93,1.74,0,228.37,3,3,7,0,7,2.33,67.9,49.21,154.49,,
2024-03-30,FALSE,36,3.6,0,32.4,7.26,0,0,39.66,1,1,1,0,1,1,32.4,11.34,21.06,,
2024-03-30,TRUE,324.5,24,0,300.5,44.53,0,0,345.03,6,5,20,0,20,3.33,50.08,71.6,228.9,,
2024-03-31,FALSE,110.5,14.8,0,95.7,19.76,0,0,115.46,3,3,7,0,7,2.33,31.9,20.45,75.25,,
2024-03-31,TRUE,2073.3,149.93,0,1923.37,514.59,0,0,2437.96,63,58,117,0,117,1.86,30.53,635.5,1287.87,,
2024-04-01,FALSE,66,0,0,66,12.22,0,0,78.22,1,1,1,0,1,1,66,20,46,,
2024-04-01,TRUE,1383,102.61,55,1225.39,275.22,0,0,1500.61,36,36,88,5,83,2.44,35.57,425.58,799.81,,
2024-04-02,FALSE,122,53.75,0,68.25,18.43,0,0,86.68,3,3,9,0,9,3,22.75,36.58,31.67,,
2024-04-02,TRUE,568.8,27.08,0,541.72,102.83,0,0,644.55,14,14,39,0,39,2.79,38.69,188.94,352.78,,
2024-04-03,TRUE,579.5,21.88,0,557.62,96.64,0.82,0,655.08,16,15,41,0,41,2.56,34.85,185.78,371.84,,
2024-04-04,FALSE,159,15.27,0,143.73,30.64,0,0,174.37,4,4,10,0,10,2.5,35.93,42.34,101.39,,
2024-04-04,TRUE,580.75,20.25,0,560.5,105.67,0,0,666.17,14,13,35,0,35,2.5,40.04,169.82,390.68,,
2024-04-05,FALSE,163,0,0,163,34.54,0,0,197.54,4,4,11,0,11,2.75,40.75,62.66,100.34,,
2024-04-05,TRUE,419,32.97,0,386.03,51.61,0,0,437.64,7,7,17,0,17,2.43,55.15,248.42,137.61,,
2024-04-06,FALSE,168,26.4,0,141.6,14.03,0,0,155.63,2,2,5,0,5,2.5,70.8,34.44,107.16,,
2024-04-06,TRUE,230,11.9,0,218.1,35.24,0,0,253.34,6,6,11,0,11,1.83,36.35,63.32,154.78,,
2024-04-07,FALSE,115,3.75,0,111.25,21.79,0,0,133.04,4,4,9,0,9,2.25,27.81,36.64,74.61,,
2024-04-07,TRUE,259.4,0,0,259.4,68.89,0,0,328.29,11,9,21,0,21,1.91,23.58,87.43,171.97,,
2024-04-08,FALSE,327,73.85,0,253.15,30.64,0,0,283.79,5,5,11,0,11,2.2,50.63,103.13,150.02,,
2024-04-08,TRUE,298,0,0,298,36.07,0,0,334.07,4,4,15,0,15,3.75,74.5,98.7,199.3,,
2024-04-09,FALSE,75,37.5,0,37.5,7.26,0,0,44.76,2,2,6,0,6,3,18.75,24.04,13.46,,
2024-04-09,TRUE,988.8,44.11,0,944.69,246.44,0,0,1191.13,31,31,54,0,54,1.74,30.47,352.88,591.81,,
2024-04-10,FALSE,126,9.1,0,116.9,22.5,0,0,139.4,3,3,7,0,7,2.33,38.97,42.73,74.17,,
2024-04-10,TRUE,692.9,59.07,38.15,595.68,106.55,0,0,702.23,15,15,41,1,40,2.73,42.26,200.6,395.08,,
2024-04-11,FALSE,111,8.6,0,102.4,26.69,0,0,129.09,3,3,7,0,7,2.33,34.13,36,66.4,,
2024-04-11,TRUE,417.05,14.1,0,402.95,69.02,0,0,471.97,9,9,22,0,22,2.44,44.77,121.75,281.2,,
2024-04-12,FALSE,0,0,0,0,0,0,0,0,1,1,1,0,1,1,0,,0,,
2024-04-12,TRUE,2509,2170.5,0,338.5,38.76,0,0,377.26,13,7,203,1,202,15.62,26.04,773.43,-434.93,,
2024-04-13,FALSE,108,3.45,0,104.55,25.7,0,0,130.25,3,3,6,0,6,2,34.85,49.41,55.14,,
2024-04-13,TRUE,277,13.2,0,263.8,55.78,0,0,319.58,6,6,16,0,16,2.67,43.97,157.89,105.91,,
2024-04-14,FALSE,656.5,7.2,0,649.3,11.93,0,0,661.23,26,3,26,0,26,1,24.97,26.88,622.42,,
2024-04-14,TRUE,122,0,0,122,16.55,0,0,138.55,2,2,5,0,5,2.5,61,31.04,90.96,,
2024-04-15,FALSE,269.5,5.5,0,264,44.94,0,0,308.94,6,6,14,0,14,2.33,44,59.04,204.96,,
2024-04-15,TRUE,519.8,0,77.4,442.4,93.45,0,0,535.85,15,15,37,6,31,2.47,34.65,35.07,407.33,,
2024-04-16,FALSE,52.5,5.25,0,47.25,7.47,0,0,54.72,1,1,4,0,4,4,47.25,12.09,35.16,,
2024-04-16,TRUE,492,14.87,0,477.13,78.11,0,0,555.24,12,12,33,0,33,2.75,39.76,124.86,352.27,,
2024-04-17,FALSE,282,30.75,0,251.25,36.3,0,0,287.55,5,5,16,0,16,3.2,50.25,106.84,144.41,,
2024-04-17,TRUE,566.3,37.26,0,529.04,50.71,0,0,579.75,7,7,36,0,36,5.14,75.58,194.89,334.15,,
2024-04-18,FALSE,322,159.1,0,162.9,29.49,0,0,192.39,7,7,21,1,20,3,23.27,144.94,17.96,,
2024-04-18,TRUE,271.25,6,0,265.25,58.19,0,0,323.44,9,9,15,0,15,1.67,29.47,67.57,197.68,,
2024-04-19,FALSE,125,125,0,0,0,0,0,0,4,4,11,1,10,2.75,0,40.64,-40.64,,
2024-04-19,TRUE,96,0,0,96,14.83,0,0,110.83,3,3,6,0,6,2,32,75.42,20.58,,
2024-04-20,FALSE,496,39.9,0,456.1,63.99,0,0,520.09,8,8,26,0,26,3.25,57.01,275.33,180.77,,
2024-04-20,TRUE,622.5,58.38,0,564.12,78.52,0,0,642.64,9,9,35,0,35,3.89,62.68,91.7,472.42,,
2024-04-21,FALSE,153,23.3,0,129.7,26.98,0,0,156.68,3,3,6,0,6,2,43.23,44.53,85.17,,
2024-04-21,TRUE,260.5,14.85,0,245.65,40.58,0,0,286.23,6,6,14,0,14,2.33,40.94,84.22,161.43,,
2024-04-22,FALSE,132,9.9,0,122.1,7.71,0,0,129.81,2,2,4,0,4,2,61.05,65.84,56.26,,
2024-04-22,TRUE,1217.75,138.47,0,1079.28,109.56,0,0,1188.84,20,20,55,0,55,2.75,53.96,491.52,587.76,,
2024-04-23,FALSE,869,657,0,212,14.15,0,0,226.15,9,9,55,0,55,6.11,23.56,319.29,-107.29,,
2024-04-23,TRUE,740.05,69.8,0,670.25,81.33,0,0,751.58,18,17,32,0,32,1.78,37.24,288.24,382.01,,
2024-04-24,FALSE,289.5,123.4,0,166.1,31.48,0,0,197.58,7,7,15,0,15,2.14,23.73,111.14,54.96,,
2024-04-24,TRUE,223,29.7,0,193.3,7.47,0,0,200.77,3,3,9,0,9,3,64.43,71.59,121.71,,
2024-04-25,FALSE,356.5,112.5,0,244,25.75,0,0,269.75,9,9,20,0,20,2.22,27.11,135.23,108.77,,
2024-04-25,TRUE,414.5,36.3,72,306.2,34.61,0,0,340.81,9,8,22,1,21,2.44,42.02,252.44,53.76,,
2024-04-26,FALSE,423,150.95,0,272.05,15.49,0,0,287.54,10,10,25,0,25,2.5,27.21,167.03,105.02,,
2024-04-26,TRUE,1903.5,66.2,0,1837.3,49.54,0,0,1886.84,44,43,115,0,115,2.61,41.76,679.52,1157.78,,
2024-04-27,FALSE,126,13.23,0,112.77,20.58,0,0,133.35,3,3,9,0,9,3,37.59,24.25,88.52,,
2024-04-27,TRUE,447,4.37,0,442.63,28.17,0,0,470.8,10,11,32,0,32,3.2,44.26,142.15,300.48,,
2024-04-28,FALSE,827.5,22.6,0,804.9,41.13,0,0,846.03,31,9,36,0,36,1.16,25.96,82.43,722.47,,
2024-04-28,TRUE,235.2,11.45,0,223.75,35.89,0,0,259.64,5,5,10,0,10,2,44.75,97.84,125.91,,
2024-04-29,FALSE,195,85.5,0,109.5,22.17,0,0,131.67,4,4,15,0,15,3.75,27.38,58.75,50.75,,
2024-04-29,TRUE,329.1,19.42,0,309.68,61.22,0,0,370.9,9,8,18,0,18,2,34.41,149.76,159.92,,
2024-04-30,FALSE,239.5,83,0,156.5,29.86,0,0,186.36,6,6,13,0,13,2.17,26.08,67.49,89.01,,
2024-04-30,TRUE,306.8,0,0,306.8,45.45,0,0,352.25,6,6,13,0,13,2.17,51.13,110.28,196.52,,
2024-05-01,FALSE,325.5,132.85,0,192.65,36.17,0,0,228.82,8,8,19,0,19,2.38,24.08,105.29,87.36,,
2024-05-01,TRUE,232,1.87,0,230.13,31.28,0,0,261.41,4,4,9,0,9,2.25,57.53,81.24,148.89,,
2024-05-02,FALSE,86,5.63,0,80.37,18,0,0,98.37,2,2,5,0,5,2.5,40.19,30.91,49.46,,
2024-05-02,TRUE,94.75,6.87,0,87.88,32.37,0,0,120.25,5,5,5,0,5,1,17.58,30.53,57.35,,
2024-05-03,FALSE,160,19.45,0,140.55,21.62,0,0,162.17,3,3,7,0,7,2.33,46.85,70.29,70.26,,
2024-05-03,TRUE,204,3.3,0,200.7,41.77,0,0,242.47,6,6,15,0,15,2.5,33.45,64.22,136.48,,
2024-05-04,FALSE,123,4.07,0,118.93,22.05,0,0,140.98,3,3,4,0,4,1.33,39.64,42.11,76.82,,
2024-05-04,TRUE,260.5,0,0,260.5,35.06,0,0,295.56,5,4,14,0,14,2.8,52.1,169.42,91.08,,
2024-05-05,FALSE,956.5,6.6,0,949.9,18.18,0,0,968.08,49,6,58,0,58,1.18,19.39,295.98,653.92,,
2024-05-05,TRUE,513.5,39.4,0,474.1,84.67,0,0,558.77,13,13,35,0,35,2.69,36.47,167.47,306.63,,
2024-05-06,FALSE,95.5,7.5,0,88,14.8,0,0,102.8,2,2,7,0,7,3.5,44,43.03,44.97,,
2024-05-06,TRUE,576.8,135.3,18.7,422.8,62.86,0,0,485.66,10,10,25,1,24,2.5,44.15,258.75,164.05,,
2024-05-07,FALSE,288.5,12.4,0,276.1,63.88,0,0,339.98,7,7,21,0,21,3,39.44,39.28,236.82,,
2024-05-07,TRUE,386.9,29.05,64.8,293.05,72.05,0,0,365.1,11,8,14,1,13,1.27,32.53,130.43,162.62,,
2024-05-08,FALSE,219.5,10.2,0,209.3,41.9,0,0,251.2,5,5,10,0,10,2,41.86,79.27,130.03,,
2024-05-08,TRUE,556,28.3,0,527.7,87.25,1.65,0,616.6,10,9,29,0,29,2.9,52.77,232.17,295.53,,
2024-05-09,FALSE,185,59.5,3.6,121.9,18.89,0,0,140.79,4,4,11,0,11,2.75,31.38,117.81,4.09,,
2024-05-09,TRUE,292.4,11.57,44,236.83,63.25,0,0,300.08,9,9,17,0,17,1.89,31.2,117.86,118.97,,
2024-05-10,FALSE,500,189.4,45,265.6,42.3,0,0,307.9,7,5,20,4,16,2.86,44.37,116.45,149.15,,
2024-05-10,TRUE,715.3,68.06,0,647.24,103.14,0,0,750.38,14,14,38,0,38,2.71,46.23,243.53,403.71,,
2024-05-11,FALSE,2511,171,12,2328,30.16,0,0,2358.16,126,8,169,1,168,1.34,18.57,1000.95,1327.05,,
2024-05-11,TRUE,73.5,7.2,0,66.3,15.87,0,0,82.17,2,2,4,0,4,2,33.15,25.12,41.18,,
2024-05-12,FALSE,1606.5,93,24,1489.5,14.73,0,0,1504.23,71,4,108,2,106,1.52,21.32,642.52,846.98,,
2024-05-12,TRUE,323,79.5,0,243.5,34.42,0,0,277.92,5,5,16,0,16,3.2,48.7,96.54,146.96,,
2024-05-13,FALSE,409,30.23,0,378.77,59.35,0,0,438.12,6,6,19,0,19,3.17,63.13,100.04,278.73,,
2024-05-13,TRUE,218,4.37,0,213.63,58.82,0,0,272.45,10,9,22,0,22,2.2,21.36,24.29,189.34,,
2024-05-14,FALSE,216,14.7,0,201.3,36.4,1.45,0,239.15,5,5,14,0,14,2.8,40.26,85.04,116.26,,
2024-05-14,TRUE,457.5,22,0,435.5,46.1,0,0,481.6,6,6,20,0,20,3.33,72.58,137.56,297.94,,
2024-05-15,FALSE,171,14.12,0,156.88,22.24,0,0,179.12,3,3,6,0,6,2,52.29,65.2,91.68,,
2024-05-15,TRUE,765.8,166.12,0,599.68,129.02,0,0,728.7,19,16,42,0,42,2.21,31.56,250,349.68,,
2024-05-16,FALSE,94,5,0,89,25.11,0,0,114.11,3,3,6,0,6,2,29.67,51.46,37.54,,
2024-05-16,TRUE,191.55,4.37,0,187.18,51.63,0,0,238.81,8,8,9,0,9,1.13,23.4,94.89,92.29,,
2024-05-17,FALSE,256,93.25,0,162.75,30.77,0,0,193.52,7,7,18,0,18,2.57,23.25,85.85,76.9,,
2024-05-17,TRUE,226,21.25,0,204.75,55.83,0,0,260.58,7,7,16,0,16,2.29,29.25,111.04,93.71,,
2024-05-18,FALSE,2483,146.35,0,2336.65,43.59,0,0,2380.24,125,5,156,0,156,1.25,18.69,1016.13,1320.52,,
2024-05-18,TRUE,309,27.85,0,281.15,29.91,0,0,311.06,5,5,16,0,16,3.2,56.23,158.95,122.2,,
2024-05-19,FALSE,862.5,63.35,0,799.15,14.85,0,0,814,34,2,49,0,49,1.44,23.5,393.64,405.51,,
2024-05-19,TRUE,212.5,0,0,212.5,27.32,0,0,239.82,4,4,8,0,8,2,53.13,36.91,175.59,,
2024-05-20,FALSE,466,53.56,0,412.44,63.56,0,0,476,7,7,15,0,15,2.14,58.92,129.54,282.9,,
2024-05-20,TRUE,167.5,10.32,0,157.18,40.68,0,0,197.86,6,6,10,0,10,1.67,26.2,40.66,116.52,,
2024-05-21,FALSE,491.5,47.4,36,408.1,67.45,0,0,475.55,8,8,18,1,17,2.25,55.51,183.69,224.41,,
2024-05-21,TRUE,127,0,0,127,14.87,0,0,141.87,2,2,4,0,4,2,63.5,39.53,87.47,,
2024-05-22,FALSE,180,64.7,0,115.3,28.04,0,0,143.34,6,6,12,0,12,2,19.22,71.84,43.46,,
2024-05-22,TRUE,184.25,0,0,184.25,22.11,0,0,206.36,7,6,10,0,10,1.43,26.32,58.55,125.7,,
2024-05-23,FALSE,330,146.9,0,183.1,22.69,0,0,205.79,9,6,23,0,23,2.56,20.34,89.25,93.85,,
2024-05-23,TRUE,683.25,89.71,0,593.54,103.08,0,0,696.62,16,16,43,0,43,2.69,37.1,182.62,410.92,,
2024-05-24,FALSE,1100,78.25,0,1021.75,63.51,0,0,1085.26,27,9,59,0,59,2.19,37.84,290.42,731.33,,
2024-05-24,TRUE,1110.5,220.57,0,889.93,124.37,0,0,1014.3,16,16,55,0,55,3.44,55.62,456.38,433.55,,
2024-05-25,FALSE,2867.5,22.9,24,2820.6,31.55,0,0,2852.15,136,8,160,2,158,1.18,20.92,669.5,2151.1,,
2024-05-25,TRUE,1076.3,151.94,0,924.36,129.25,0,0,1053.61,17,17,52,0,52,3.06,54.37,372.65,551.71,,
2024-05-26,FALSE,796,4.4,0,791.6,0,0,0,791.6,47,4,54,0,54,1.15,16.84,240.73,550.87,,
2024-05-26,TRUE,301,46.1,0,254.9,37.19,0,0,292.09,7,7,17,0,17,2.43,36.41,146.12,108.78,,
2024-05-27,FALSE,701.5,163.4,0,538.1,69.01,0,0,607.11,10,10,41,1,40,4.1,53.81,226.22,311.88,,
2024-05-27,TRUE,2572,662.85,0,1909.15,297.9,0,0,2207.05,37,37,137,0,137,3.7,51.6,946.83,962.32,,
2024-05-28,FALSE,157,9.4,0,147.6,26.9,0,0,174.5,3,3,6,0,6,2,49.2,68.4,79.2,,
2024-05-28,TRUE,1464.2,205.33,3.67,1255.2,155.98,0,0,1411.18,20,19,59,0,59,2.95,62.94,594.54,660.66,,
2024-05-29,FALSE,122.5,19.1,0,103.4,14.66,0,0,118.06,4,4,5,0,5,1.25,25.85,33.65,69.75,,
2024-05-29,TRUE,197.3,9.5,113.5,74.3,14.94,0,0,89.24,5,5,13,6,7,2.6,37.56,45.13,29.17,,
2024-05-30,FALSE,144.5,13.7,0,130.8,0,0,0,130.8,8,1,10,0,10,1.25,16.35,44.31,86.49,,
2024-05-30,TRUE,71.25,0,0,71.25,20.46,0,0,91.71,3,3,3,0,3,1,23.75,22.95,48.3,,
2024-05-31,FALSE,193.5,3.75,0,189.75,7.47,0,0,197.22,7,2,13,0,13,1.86,27.11,46.09,143.66,,
2024-05-31,TRUE,147.25,0,0,147.25,24.48,0,0,171.73,3,3,11,0,11,3.67,49.08,79.92,67.33,,
2024-06-01,FALSE,2540.9,29.69,24,2487.21,19.48,0,0,2506.69,113,4,163,2,161,1.44,22.22,694.85,1792.36,,
2024-06-01,TRUE,334.2,0,0,334.2,48.76,0,0,382.96,6,6,21,0,21,3.5,55.7,122.57,211.63,,
2024-06-02,FALSE,1369.5,3.75,32,1333.75,5.56,0,0,1339.31,66,2,89,2,87,1.35,20.69,367.05,966.7,,
2024-06-02,TRUE,810.5,200.12,183.5,426.88,93.44,0,0,520.32,13,12,35,4,31,2.69,46.95,138.6,288.28,,
2024-06-03,FALSE,285.5,83.15,0,202.35,48.53,0,0,250.88,8,8,19,0,19,2.38,25.29,72.06,130.29,,
2024-06-03,TRUE,631.53,41.25,0,590.28,63.99,0,0,654.27,9,8,28,0,28,3.11,65.59,212.53,377.75,,
2024-06-04,FALSE,184.2,37.5,22.5,124.2,14.73,0,0,138.93,6,6,13,2,11,2.17,24.45,31.58,92.62,,
2024-06-04,TRUE,381.5,25,0,356.5,28.14,0,0,384.64,7,7,14,0,14,2,50.93,79.57,276.93,,
2024-06-05,FALSE,257,20.01,0,236.99,90.13,0,0,327.12,6,6,18,0,18,3,39.5,90.23,146.76,,
2024-06-05,TRUE,365.75,75.38,0,290.37,50.33,0,0,340.7,9,9,23,0,23,2.56,32.26,117.97,172.4,,
2024-06-06,FALSE,541.7,93.75,0,447.95,55.1,0,0,503.05,7,7,30,0,30,4.29,63.99,187.07,260.88,,
2024-06-06,TRUE,214.4,5,0,209.4,30.24,0,0,239.64,6,6,10,0,10,1.67,34.9,73.97,135.43,,
2024-06-07,FALSE,350.5,87,6.75,256.75,7.47,0,0,264.22,11,4,25,0,25,2.27,23.95,113.93,142.82,,
2024-06-07,TRUE,94.5,25,0,69.5,24.47,0,0,93.97,3,3,6,0,6,2,23.17,23.72,45.78,,
2024-06-08,FALSE,3038.5,15.3,12,3011.2,20.53,0,0,3031.73,152,8,204,1,203,1.34,19.89,894.43,2116.77,,
2024-06-08,TRUE,88,0,0,88,13.9,0,0,101.9,2,1,4,0,4,2,44,29.13,58.87,,
2024-06-09,FALSE,1416,5,0,1411,25.84,0,0,1436.84,73,5,98,0,98,1.34,19.33,416.53,994.47,,
2024-06-09,TRUE,183.5,0,0,183.5,28.12,0,0,211.62,5,5,8,0,8,1.6,36.7,65.19,118.31,,
2024-06-10,FALSE,309.2,61.72,4.7,242.78,23.61,0,0,266.39,5,5,14,0,14,2.8,49.5,77.97,164.81,,
2024-06-10,TRUE,348.2,6.87,0,341.33,63.58,0,0,404.91,9,9,21,0,21,2.33,37.93,105.02,236.31,,
2024-06-11,FALSE,429.5,75,0,354.5,22.34,0,0,376.84,6,6,37,2,35,6.17,59.08,126.43,228.07,,
2024-06-11,TRUE,282,12.5,0,269.5,40.6,0,0,310.1,9,7,24,0,24,2.67,29.94,91.85,177.65,,
2024-06-12,FALSE,400,42.5,0,357.5,15.95,0,0,373.45,3,3,10,0,10,3.33,119.17,136.98,220.52,,
2024-06-12,TRUE,49.5,0,0,49.5,14.55,1.51,0,65.56,2,2,4,0,4,2,24.75,14.73,34.77,,
2024-06-13,FALSE,638,18.13,0,619.87,9.09,0,0,628.96,28,2,44,0,44,1.57,22.14,172.06,447.81,,
2024-06-13,TRUE,296.95,9.32,0,287.63,87.56,0,0,375.19,9,9,18,0,18,2,31.96,76.36,211.27,,
2024-06-14,FALSE,477.5,39.38,0,438.12,41.57,0,0,479.69,12,6,32,0,32,2.67,36.51,150.91,287.21,,
2024-06-14,TRUE,120.8,8.8,0,112,18.55,0,0,130.55,3,3,6,0,6,2,37.33,42.1,69.9,,
2024-06-15,FALSE,3083.5,318.63,12,2752.87,17.49,0,0,2770.36,125,7,214,1,213,1.71,22.12,935.33,1817.54,,
2024-06-15,TRUE,201.5,0,0,201.5,21.14,0,0,222.64,3,3,10,0,10,3.33,67.17,52.5,149,,
2024-06-16,FALSE,1262.5,70.38,79.5,1112.62,17.21,0,0,1129.83,53,5,85,2,83,1.6,22.49,368.41,744.21,,
2024-06-16,TRUE,180,37.5,17.6,124.9,25.48,0,0,150.38,5,5,10,0,10,2,28.5,37.71,87.19,,
2024-06-17,FALSE,128.5,53.2,0,75.3,16.29,0,0,91.59,3,3,8,0,8,2.67,25.1,26.61,48.69,,
2024-06-17,TRUE,1427.5,21.52,0,1405.98,231.79,0,0,1637.77,32,32,78,0,78,2.44,43.94,286.36,1119.62,,
2024-06-18,FALSE,115.5,38.7,10.8,66,6.4,0,0,72.4,3,3,5,1,4,1.67,25.6,37.98,28.02,,
2024-06-18,TRUE,219.5,17.23,0,202.27,38.31,0,0,240.58,8,7,20,0,20,2.5,25.28,64.43,137.84,,
2024-06-19,FALSE,313,6.25,0,306.75,82.88,0,0,389.63,12,12,43,23,20,3.58,25.56,91.21,215.54,,
2024-06-19,TRUE,965.45,29.3,0,936.15,116.28,0,0,1052.43,16,16,35,0,35,2.19,58.51,198.13,738.02,,
2024-06-20,FALSE,944,8.05,20,915.95,45.99,0,0,961.94,40,7,151,95,56,3.78,23.4,260.96,654.99,,
2024-06-20,TRUE,614.33,76.13,0,538.2,66.35,0,0,604.55,9,9,26,0,26,2.89,59.8,192.96,345.24,,
2024-06-21,FALSE,309.9,20.84,0,289.06,49.49,0,0,338.55,8,8,19,0,19,2.38,36.13,117.6,171.46,,
2024-06-21,TRUE,442,4.7,0,437.3,25.41,0,0,462.71,12,12,34,0,34,2.83,36.44,104.22,333.08,,
2024-06-22,FALSE,1829.5,14.93,0,1814.57,55.26,0,0,1869.83,95,12,115,0,115,1.21,19.1,516.57,1298,,
2024-06-22,TRUE,193.7,0,0,193.7,23.5,0,0,217.2,5,4,11,0,11,2.2,38.74,37.2,156.5,,
2024-06-23,FALSE,1644.5,10.13,0,1634.37,59.24,0,0,1693.61,77,10,109,0,109,1.42,21.23,439.98,1194.39,,
2024-06-23,TRUE,96.88,0,0,96.88,30.61,0,0,127.49,3,3,9,0,9,3,32.29,39.43,57.45,,
2024-06-24,FALSE,125,8.75,0,116.25,25.3,0,0,141.55,3,3,8,0,8,2.67,38.75,23.7,92.55,,
2024-06-24,TRUE,187.8,0,0,187.8,32.95,0,0,220.75,5,5,9,0,9,1.8,37.56,36.94,150.86,,
2024-06-25,FALSE,294.63,32.91,0,261.72,61.59,0,0,323.31,6,6,7,0,7,1.17,43.62,62.49,199.23,,
2024-06-25,TRUE,537.7,25.22,0,512.48,92.47,0,0,604.95,11,11,29,0,29,2.64,46.59,123.99,388.49,,
2024-06-26,FALSE,323,27.46,0,295.54,45.95,0,0,341.49,5,5,12,0,12,2.4,59.11,48.59,246.95,,
2024-06-26,TRUE,368.7,11.25,0,357.45,68.66,0,0,426.11,9,9,22,0,22,2.44,39.72,89.55,267.9,,
2024-06-27,FALSE,1500,83,0,1417,30.4,0,0,1447.4,61,6,94,0,94,1.54,23.23,423.09,993.91,,
2024-06-27,TRUE,165.45,0,0,165.45,18.76,0,0,184.21,3,3,6,0,6,2,55.15,33.91,131.54,,
2024-06-28,FALSE,142.5,41.25,0,101.25,23.18,0,0,124.43,3,3,7,1,6,2.33,33.75,43.1,58.15,,
2024-06-28,TRUE,112.5,13.13,0,99.37,15.16,0,0,114.53,2,2,5,0,5,2.5,49.69,17.96,81.41,,
2024-06-29,FALSE,3159.5,11.8,0,3147.7,24.93,0,0,3172.63,156,8,199,0,199,1.28,20.18,899.89,2247.81,,
2024-06-29,TRUE,334.2,0,0,334.2,48.25,0,0,382.45,8,8,10,0,10,1.25,41.78,78.17,256.03,,
2024-06-30,FALSE,2270.5,12,0,2258.5,16.12,0,0,2274.62,106,4,161,4,157,1.52,21.31,634.07,1624.43,,
2024-06-30,TRUE,1209.83,7.05,0,1202.78,309.62,0,0,1512.4,43,39,52,0,52,1.21,27.97,349.23,853.55,,
2024-07-01,FALSE,426.7,14.1,0,412.6,77.33,0,0,489.93,8,8,17,0,17,2.13,51.57,107.22,305.38,,
2024-07-01,TRUE,1357,74.52,22.5,1259.98,217.36,0,0,1477.34,30,30,61,3,58,2.03,42.75,403.79,856.19,,
2024-07-02,FALSE,109.5,0,0,109.5,24.91,0,0,134.41,4,4,7,0,7,1.75,27.38,18.91,90.59,,
2024-07-02,TRUE,557,17.5,0,539.5,107.03,0,0,646.53,13,13,33,0,33,2.54,41.5,156.79,382.71,,
2024-07-03,FALSE,277,32.5,0,244.5,58.32,0,0,302.82,7,7,17,0,17,2.43,34.93,109.09,135.41,,
2024-07-03,TRUE,1785.45,320.59,0,1464.86,270.23,0,0,1735.09,36,35,98,0,98,2.72,40.69,509.76,955.1,,
2024-07-04,FALSE,1919.6,78.17,0,1841.43,77.6,0,0,1919.03,68,12,99,0,99,1.46,27.08,249.6,1591.83,,
2024-07-04,TRUE,1079.7,215.94,0,863.76,136.19,0,0,999.95,16,16,48,0,48,3,53.99,357.02,506.74,,
2024-07-05,FALSE,197.5,60,0,137.5,23.97,0,0,161.47,4,4,14,0,14,3.5,34.38,44.55,92.95,,
2024-07-05,TRUE,1670.7,373.46,0,1297.24,199.34,0,0,1496.58,27,26,111,6,105,4.11,48.05,488.63,808.61,,
2024-07-06,FALSE,2548,50.7,0,2497.3,45.66,0,0,2542.96,112,11,154,0,154,1.38,22.3,538.29,1959.01,,
2024-07-06,TRUE,562.9,72.8,0,490.1,67.18,0,0,557.28,10,10,36,0,36,3.6,49.01,166.8,323.3,,
2024-07-07,FALSE,1660.2,43.72,20,1596.48,66.12,0,0,1662.6,72,11,107,2,105,1.49,22.45,517.77,1078.71,,
2024-07-07,TRUE,1382.4,220.84,49.75,1111.81,201.33,0,0,1313.14,24,23,81,4,77,3.38,48.4,393.37,718.44,,
2024-07-08,FALSE,135,0,0,135,26.75,0,0,161.75,3,3,10,0,10,3.33,45,43.48,91.52,,
2024-07-08,TRUE,285.5,0,0,285.5,47.97,0,0,333.47,6,6,13,3,10,2.17,47.58,62.19,223.31,,
2024-07-09,FALSE,116,12.23,0,103.77,17.79,0,0,121.56,2,2,5,0,5,2.5,51.89,46.05,57.72,,
2024-07-09,TRUE,376,12.5,0,363.5,102.03,0,0,465.53,16,16,21,0,21,1.31,22.72,113.42,250.08,,
2024-07-10,FALSE,317.2,8.05,0,309.15,52.37,0,0,361.52,8,8,12,0,12,1.5,38.64,120.09,189.06,,
2024-07-10,TRUE,178.5,10.13,22.5,145.87,24.93,0,0,170.8,4,4,10,1,9,2.5,42.09,60.56,85.31,,
2024-07-11,FALSE,2033.5,11.13,0,2022.37,17.43,0,0,2039.8,71,5,124,0,124,1.75,28.48,481.11,1541.26,,
2024-07-11,TRUE,276.75,22,25,229.75,32.95,0,0,262.7,6,6,14,2,12,2.33,42.46,38.36,191.39,,
2024-07-12,FALSE,1460.2,45.55,0,1414.65,312.92,2.21,0,1729.78,34,34,90,0,90,2.65,41.61,363.65,1051,,
2024-07-12,TRUE,531,25,0,506,117.59,0,0,623.59,15,15,37,0,37,2.47,33.73,133.67,372.33,,
2024-07-13,FALSE,2829.9,64.5,0,2765.4,234.79,2.53,0,3002.72,108,28,178,0,178,1.65,25.61,889.2,1876.2,,
2024-07-13,TRUE,442,0,0,442,65.73,0,0,507.73,8,7,23,0,23,2.88,55.25,149.4,292.6,,
2024-07-14,FALSE,1235.2,53.48,0,1181.72,37.87,4.83,0,1224.42,56,4,89,0,89,1.59,21.1,368.69,813.03,,
2024-07-14,TRUE,468.3,0,0,468.3,67.42,0,0,535.72,8,8,19,0,19,2.38,58.54,170.96,297.34,,
2024-07-15,FALSE,331.7,0,0,331.7,47.87,0,0,379.57,4,4,24,6,18,6,82.93,113.33,218.37,,
2024-07-15,TRUE,297,5,0,292,56.06,0,0,348.06,8,8,22,5,17,2.75,36.5,89.44,202.56,,
2024-07-16,FALSE,104.2,10.42,0,93.78,15.77,0,0,109.55,2,2,3,0,3,1.5,46.89,47.62,46.16,,
2024-07-16,TRUE,163,1.25,0,161.75,55.01,0,0,216.76,5,5,8,0,8,1.6,32.35,61.94,99.81,,
2024-07-17,FALSE,215.7,11.22,0,204.48,34.2,0,0,238.68,4,4,7,0,7,1.75,51.12,99.61,104.87,,
2024-07-17,TRUE,138.5,4.37,0,134.13,33.65,0,0,167.78,7,7,11,0,11,1.57,19.16,52.94,81.19,,
2024-07-18,FALSE,1676.9,22.27,0,1654.63,69.93,1.8,0,1726.36,61,10,93,0,93,1.52,27.13,402.68,1251.95,,
2024-07-18,TRUE,198,4.7,0,193.3,23.63,0,0,216.93,5,5,17,0,17,3.4,38.66,68.38,124.92,,
2024-07-19,FALSE,338.1,13.42,84,240.68,27.9,0,0,268.58,5,5,10,2,8,2,64.94,163.33,77.35,,
2024-07-19,TRUE,269,7.7,38,223.3,23.95,0,0,247.25,4,3,6,1,5,1.5,65.33,103.07,120.23,,
2024-07-20,FALSE,2179,10,0,2169,41.32,0.99,0,2211.31,110,8,143,0,143,1.3,19.72,641.29,1527.71,,
2024-07-20,TRUE,167.5,0,0,167.5,22.65,0,0,190.15,5,5,12,0,12,2.4,33.5,56.53,110.97,,
2024-07-21,FALSE,1496,35.55,0,1460.45,59.88,0,0,1520.33,56,8,89,0,89,1.59,26.08,487.61,972.84,,
2024-07-21,TRUE,234.9,3.3,0,231.6,51.95,0,0,283.55,6,6,15,0,15,2.5,38.6,73.76,157.84,,
2024-07-22,FALSE,141.7,13.76,17.6,110.34,19.64,0,0,129.98,3,3,4,1,3,1.33,42.65,54.05,56.29,,
2024-07-22,TRUE,44.5,22,63.4,-40.9,-0.75,0,0,-41.65,3,3,3,3,0,1,7.5,3.46,-44.36,,
2024-07-23,FALSE,281.7,10.03,0,271.67,49.95,0,0,321.62,5,5,6,0,6,1.2,54.33,119.71,151.96,,
2024-07-23,TRUE,315,5.63,0,309.37,69.36,0,0,378.73,8,8,20,0,20,2.5,38.67,106.65,202.72,,
2024-07-24,FALSE,981.5,84.8,0,896.7,192.62,0,0,1089.32,17,17,30,0,30,1.76,52.75,69.69,827.01,,
2024-07-24,TRUE,199.95,16.83,0,183.12,34.39,0,0,217.51,5,5,8,0,8,1.6,36.62,13.78,169.34,,
2024-07-25,FALSE,1022.5,37.5,0,985,25.57,0,0,1010.57,50,6,68,0,68,1.36,19.7,256.56,728.44,,
2024-07-25,TRUE,453.63,10.13,0,443.5,70.1,0,0,513.6,9,9,16,0,16,1.78,49.28,166.41,277.09,,
2024-07-26,FALSE,714.6,37.5,0,677.1,85.19,0,0,762.29,12,12,22,0,22,1.83,56.43,214.57,462.53,,
2024-07-26,TRUE,473.7,6.6,0,467.1,72.35,0,0,539.45,9,9,23,0,23,2.56,51.9,126.35,340.75,,
2024-07-27,FALSE,2677.2,16.55,12,2648.65,39.33,0,0,2687.98,121,7,177,1,176,1.46,21.99,808.36,1840.29,,
2024-07-27,TRUE,315.54,7.53,0,308.01,43.91,0,0,351.92,6,6,7,0,7,1.17,51.34,155.44,152.57,,
2024-07-28,FALSE,1202,12.75,0,1189.25,36.27,0,0,1225.52,57,8,82,0,82,1.44,20.86,364.34,824.91,,
2024-07-28,TRUE,116.5,2.5,0,114,26.42,0,0,140.42,3,3,9,0,9,3,38,42.4,71.6,,
2024-07-29,FALSE,105,6.75,0,98.25,17.54,0,0,115.79,4,4,10,0,10,2.5,24.56,37.59,60.66,,
2024-07-29,TRUE,208,15.18,0,192.82,45.78,0,0,238.6,6,6,19,0,19,3.17,32.14,76.87,115.95,,
2024-07-30,FALSE,314.5,8.15,0,306.35,52.79,0,0,359.14,5,5,29,0,29,5.8,61.27,98.91,207.44,,
2024-07-30,TRUE,433.5,18.48,0,415.02,80.65,0,0,495.67,9,9,19,0,19,2.11,46.11,131.85,283.17,,
2024-07-31,FALSE,154.5,15.18,0,139.32,13.26,0,0,152.58,3,3,12,0,12,4,46.44,53.1,86.22,,
2024-07-31,TRUE,863.4,59.28,0,804.12,129.09,0,0,933.21,18,17,44,0,44,2.44,44.67,335.75,468.37,,
2024-08-01,FALSE,1075.1,12.95,0,1062.15,63.98,0,0,1126.13,34,6,61,0,61,1.79,31.24,257.94,804.21,,
2024-08-01,TRUE,70,4.37,0,65.63,31.76,0,0,97.39,3,3,5,0,5,1.67,21.88,21.72,43.91,,
2024-08-02,FALSE,110,9.38,0,100.62,8.58,0,0,109.2,4,4,11,0,11,2.75,25.16,34.88,65.74,,
2024-08-02,TRUE,1999.6,25.08,0,1974.52,18.61,0,0,1993.13,41,41,105,10,95,2.56,48.16,587.04,1387.48,,
2024-08-03,FALSE,1695.2,6.95,0,1688.25,31.57,0.85,0,1720.67,68,6,103,0,103,1.51,24.83,405.33,1282.92,,
2024-08-03,TRUE,85.2,0,0,85.2,12.58,0,0,97.78,2,2,2,0,2,1,42.6,6.59,78.61,,
2024-08-04,FALSE,1143,12.7,0,1130.3,24.73,0,0,1155.03,43,5,68,0,68,1.58,26.29,327.95,802.35,,
2024-08-04,TRUE,262,19.45,0,242.55,36.23,0,0,278.78,4,4,7,1,6,1.75,60.64,99.98,142.57,,
2024-08-05,FALSE,238,8.45,0,229.55,58.49,0,0,288.04,6,6,14,0,14,2.33,38.26,66.66,162.89,,
2024-08-05,TRUE,460.6,17.57,0,443.03,98.08,0,0,541.11,11,10,19,0,19,1.73,40.28,181.42,261.61,,
2024-08-06,FALSE,187.5,0,0,187.5,33.76,0,0,221.26,3,3,13,0,13,4.33,62.5,62.25,125.25,,
2024-08-06,TRUE,113.5,0,0,113.5,24.58,0,0,138.08,3,3,7,0,7,2.33,37.83,15.82,97.68,,
2024-08-07,FALSE,103.5,6.6,0,96.9,23.35,0,0,120.25,2,2,4,0,4,2,48.45,23.19,73.71,,
2024-08-07,TRUE,280.2,0,0,280.2,33.23,0,0,313.43,7,7,12,0,12,1.71,40.03,85.22,194.98,,
2024-08-08,FALSE,890.9,79.67,0,811.23,122.29,1.64,0,935.16,21,14,58,0,58,2.76,38.63,297.7,513.53,,
2024-08-08,TRUE,995.25,122.66,19.67,852.92,170.96,0,0,1023.88,20,20,36,0,36,1.8,43.63,337.36,515.56,,
2024-08-09,FALSE,262.5,24.25,0,238.25,36.11,0,0,274.36,4,4,7,0,7,1.75,59.56,87.18,151.07,,
2024-08-09,TRUE,482.5,18.75,0,463.75,58.83,0,0,522.58,7,7,21,0,21,3,66.25,166.88,296.87,,
2024-08-10,FALSE,2546,16.88,0,2529.12,53.98,0,0,2583.1,118,13,168,0,168,1.42,21.43,736.68,1792.44,,
2024-08-10,TRUE,220,24.39,0,195.61,33.19,0,0,228.8,5,5,16,0,16,3.2,39.12,52.31,143.3,,
2024-08-11,FALSE,1793,10.88,12,1770.12,59.74,1.34,0,1831.2,91,7,124,1,123,1.36,19.58,552.82,1217.3,,
2024-08-11,TRUE,91.7,0,0,91.7,18.2,0,0,109.9,2,2,6,0,6,3,45.85,43.3,48.4,,
2024-08-12,FALSE,91.7,7.92,0,83.78,16.45,0,0,100.23,4,4,8,0,8,2,20.95,42.74,41.04,,
2024-08-12,TRUE,298.7,10.88,66,221.82,62.09,0,0,283.91,7,6,18,3,15,2.57,41.12,96.91,124.91,,
2024-08-13,FALSE,197,3.75,0,193.25,59.99,0,0,253.24,6,6,11,0,11,1.83,32.21,64.48,128.77,,
2024-08-13,TRUE,174.8,0,0,174.8,14.69,0,0,189.49,2,2,6,0,6,3,87.4,67.71,107.09,,
2024-08-14,FALSE,64.5,8.33,0,56.17,23.71,0,0,79.88,5,5,9,0,9,1.8,11.23,16.18,39.99,,
2024-08-14,TRUE,481.4,3.75,0,477.65,99.5,0,0,577.15,15,14,34,2,32,2.27,31.84,96.39,381.26,,
2024-08-15,FALSE,1129.5,7.5,0,1122,80.09,0,0,1202.09,39,7,56,0,56,1.44,28.77,132.28,989.72,,
2024-08-15,TRUE,208.5,0,0,208.5,60.96,0,0,269.46,6,6,14,0,14,2.33,34.75,30.24,178.26,,
2024-08-16,FALSE,37.5,0,0,37.5,8.4,0,0,45.9,1,1,4,0,4,4,37.5,11.65,25.85,,
2024-08-16,TRUE,120,23.1,0,96.9,9.99,0,0,106.89,2,2,5,0,5,2.5,48.45,16.88,80.02,,
2024-08-17,FALSE,2425.5,6.6,0,2418.9,49.6,0,0,2468.5,94,6,157,0,157,1.67,25.73,714.41,1704.49,,
2024-08-17,TRUE,201,0,0,201,25.02,0,0,226.02,3,3,11,0,11,3.67,67,82.04,118.96,,
2024-08-18,FALSE,711,12.2,0,698.8,52.94,0,0,751.74,24,8,37,0,37,1.54,29.12,195.5,503.3,,
2024-08-18,TRUE,296.33,0,0,296.33,51.14,0,0,347.47,6,6,12,0,12,2,49.39,110.7,185.63,,
2024-08-19,FALSE,294.2,24.42,0,269.78,28.09,0,0,297.87,4,4,9,0,9,2.25,67.45,113.76,156.02,,
2024-08-19,TRUE,386.5,19.42,0,367.08,115.8,0,0,482.88,14,12,28,0,28,2,26.22,63.5,303.58,,
2024-08-20,FALSE,324,23.6,0,300.4,59.26,0,0,359.66,7,7,16,0,16,2.29,42.91,93.12,207.28,,
2024-08-20,TRUE,347,0,0,347,34.47,0,0,381.47,4,3,18,0,18,4.5,86.75,43.52,303.48,,
2024-08-21,FALSE,292.4,6.27,0,286.13,45.71,0,0,331.84,6,6,18,1,17,3,47.69,108.26,177.87,,
2024-08-21,TRUE,116.5,0,12.5,104,33.17,0,0,137.17,7,7,8,2,6,1.14,16.64,36.69,67.31,,
2024-08-22,FALSE,901.5,0,68.93,832.57,28.54,0,0,861.11,36,6,60,2,58,1.67,25.04,256.44,576.13,,
2024-08-22,TRUE,143.75,0,0,143.75,34.47,0,0,178.22,4,4,4,0,4,1,35.94,15.13,128.62,,
2024-08-23,FALSE,332.5,0,0,332.5,83.56,0,0,416.06,8,8,18,0,18,2.25,41.56,119.23,213.27,,
2024-08-23,TRUE,432.8,34.45,0,398.35,80.7,0,0,479.05,8,8,21,0,21,2.63,49.79,129.61,268.74,,
2024-08-24,FALSE,3725.13,141.36,0,3583.77,149.58,0,0,3733.35,131,16,235,0,235,1.79,27.36,959.24,2624.53,,
2024-08-24,TRUE,478.7,0,0,478.7,89.98,0,0,568.68,10,10,33,0,33,3.3,47.87,170.05,308.65,,
2024-08-25,FALSE,1504,25.5,0,1478.5,59.86,0,0,1538.36,64,7,94,0,94,1.47,23.1,427.66,1050.84,,
2024-08-25,TRUE,293.5,16.6,0,276.9,71.64,0,0,348.54,8,8,16,0,16,2,34.61,93.76,183.14,,
2024-08-26,FALSE,159.5,8.45,200,-48.95,49.51,0,0,0.56,6,6,8,0,8,1.33,25.18,52.7,-101.65,,
2024-08-26,TRUE,199.5,0,0,199.5,30.52,0,0,230.02,3,3,6,0,6,2,66.5,58.47,141.03,,
2024-08-27,FALSE,209,27.13,0,181.87,47.22,0,0,229.09,4,4,14,0,14,3.5,45.47,70.46,111.41,,
2024-08-27,TRUE,277,48.07,0,228.93,113.71,0,0,342.64,13,4,21,0,21,1.62,17.61,90.26,138.67,,
2024-08-28,FALSE,449.9,26.97,35.55,387.38,35.67,0,0,423.05,6,6,25,3,22,4.17,70.49,162,225.38,,
2024-08-28,TRUE,241.7,26.22,0,215.48,74.29,0,0,289.77,13,5,18,0,18,1.38,16.58,83.92,131.56,,
2024-08-29,FALSE,1330.5,33.51,0,1296.99,81.07,0,0,1378.06,55,9,89,0,89,1.62,23.58,375.95,921.04,,
2024-08-29,TRUE,333.47,29.1,0,304.37,90.7,0,0,395.07,11,9,20,0,20,1.82,27.67,136.22,168.15,,
2024-08-30,FALSE,766.1,133.38,0,632.72,125.52,0,0,758.24,11,11,30,0,30,2.73,57.52,250.43,382.29,,
2024-08-30,TRUE,1567.11,316.16,0,1250.95,210.31,0,0,1461.26,26,23,62,0,62,2.38,48.11,606.15,644.8,,
2024-08-31,FALSE,2340.5,85.54,0,2254.96,122.93,0,0,2377.89,90,19,131,0,131,1.46,25.06,634.1,1620.86,,
2024-08-31,TRUE,920.7,111.15,0,809.55,134.23,0,0,943.78,15,15,57,0,57,3.8,53.97,315.49,494.06,,
2024-09-01,FALSE,1498.5,94.2,0,1404.3,114.6,0,0,1518.9,52,11,106,0,106,2.04,27.01,424.09,980.21,,
2024-09-01,TRUE,480,76,0,404,50.55,0,0,454.55,6,6,19,0,19,3.17,67.33,135.2,268.8,,
2024-09-02,FALSE,771.6,141.12,0,630.48,80.32,0,0,710.8,8,8,22,0,22,2.75,78.81,315.61,314.87,,
2024-09-02,TRUE,1552.2,293.64,0,1258.56,223.16,0,0,1481.72,23,23,88,0,88,3.83,54.72,504.59,753.97,,
2024-09-03,FALSE,84.5,3.45,0,81.05,31.26,0,0,112.31,3,3,7,0,7,2.33,27.02,24.18,56.87,,
2024-09-03,TRUE,920.2,230.9,0,689.3,136.98,0,0,826.28,17,16,50,0,50,2.94,40.55,335.14,354.16,,
2024-09-04,FALSE,375,26.98,0,348.02,84.54,0,0,432.56,9,9,28,0,28,3.11,38.67,122.5,225.52,,
2024-09-04,TRUE,1251.16,153.34,0,1097.82,241.35,0,0,1339.17,26,26,70,0,70,2.69,42.22,456.39,641.43,,
2024-09-05,FALSE,499.7,51.81,0,447.89,88.05,0,0,535.94,10,10,40,0,40,4,44.79,177.03,270.86,,
2024-09-05,TRUE,726.7,126.68,0,600.02,143.62,0,0,743.64,16,15,44,0,44,2.75,37.5,260.95,339.07,,
2024-09-06,FALSE,334.7,28.13,0,306.57,45.59,0,0,352.16,5,5,21,0,21,4.2,61.31,133.2,173.37,,
2024-09-06,TRUE,286.63,24.12,0,262.51,56.69,0,0,319.2,8,7,18,0,18,2.25,32.81,94.82,167.69,,
2024-09-07,FALSE,1705.53,3.75,0,1701.78,75.65,0,0,1777.43,85,10,115,0,115,1.35,20.02,554.63,1147.15,,
2024-09-07,TRUE,227.5,11.25,0,216.25,43.04,0,0,259.29,5,5,14,0,14,2.8,43.25,78.01,138.24,,
2024-09-08,FALSE,830.5,29.71,0,800.79,41.27,0,0,842.06,37,6,50,0,50,1.35,21.64,202.78,598.01,,
2024-09-08,TRUE,294.25,10.43,0,283.82,60.21,0,0,344.03,7,7,15,0,15,2.14,40.55,80.49,203.33,,
2024-09-09,FALSE,251,73.5,0,177.5,48.61,0,0,226.11,6,6,10,0,10,1.67,29.58,51.71,125.79,,
2024-09-09,TRUE,200,18.75,0,181.25,47.68,0,0,228.93,5,5,18,0,18,3.6,36.25,65.67,115.58,,
2024-09-10,FALSE,443,14.48,0,428.52,55.68,0,0,484.2,6,6,24,0,24,4,71.42,171.48,257.04,,
2024-09-10,TRUE,223.2,0,0,223.2,25.88,0,0,249.08,4,5,9,0,9,2.25,55.8,91.82,131.38,,
2024-09-11,FALSE,1048.5,754.4,0,294.1,84.35,0,0,378.45,9,9,84,0,84,9.33,32.68,345.54,-51.44,,
2024-09-11,TRUE,1038,16.87,25,996.13,236.04,0,0,1232.17,30,30,67,2,65,2.23,34.04,356.38,639.75,,
2024-09-12,FALSE,323.5,13.38,0,310.12,72.47,0,0,382.59,8,8,18,0,18,2.25,38.77,129.12,181,,
2024-09-12,TRUE,393.63,27.75,37.5,328.38,101.17,0,0,429.55,11,11,21,4,17,1.91,33.26,96.37,232.01,,
2024-09-13,FALSE,419.2,25.32,0,393.88,47.76,0,0,441.64,7,7,25,0,25,3.57,56.27,153.19,240.69,,
2024-09-13,TRUE,382.2,7.7,0,374.5,57.76,0,0,432.26,6,6,16,0,16,2.67,62.42,150.21,224.29,,
2024-09-14,FALSE,1681.4,10.63,0,1670.77,39.49,0,0,1710.26,75,12,106,0,106,1.41,22.28,485.16,1185.61,,
2024-09-14,TRUE,202.5,11.75,0,190.75,28.98,0,0,219.73,5,5,18,0,18,3.6,38.15,69.35,121.4,,
2024-09-15,FALSE,856.5,9.9,0,846.6,26.21,0,0,872.81,31,6,42,0,42,1.35,27.31,223.32,623.28,,
2024-09-15,TRUE,231,4.75,0,226.25,30.36,0,0,256.61,5,5,11,0,11,2.2,45.25,86.09,140.16,,
2024-09-16,FALSE,509.7,35.5,0,474.2,96.88,0,0,571.08,11,11,26,0,26,2.36,43.11,185.72,288.48,,
2024-09-16,TRUE,235,4.37,0,230.63,26.29,0,0,256.92,5,5,14,0,14,2.8,46.13,90.07,140.56,,
2024-09-17,FALSE,294.5,1.88,0,292.62,26.18,0,0,318.8,6,6,21,0,21,3.5,48.77,108.28,184.34,,
2024-09-17,TRUE,1060.7,76.41,0,984.29,75.19,0,0,1059.48,18,18,59,0,59,3.28,54.68,315.19,669.1,,
2024-09-18,FALSE,348,24,0,324,56.1,1.37,0,381.47,7,7,13,1,12,1.86,46.29,77.12,246.88,,
2024-09-18,TRUE,401.7,142.09,0,259.61,55.68,0,0,315.29,9,8,10,0,10,1.11,28.85,152.36,107.25,,
2024-09-19,FALSE,141,17.85,0,123.15,21.7,0,0,144.85,2,2,8,0,8,4,61.58,28.66,94.49,,
2024-09-19,TRUE,544.4,24.09,0,520.31,57.84,0,0,578.15,9,8,20,0,20,2.22,57.81,176.84,343.47,,
2024-09-20,FALSE,307,17.85,0,289.15,68.23,0,0,357.38,6,6,13,0,13,2.17,48.19,62.67,226.48,,
2024-09-20,TRUE,355,13.11,0,341.89,41.03,0,0,382.92,6,5,75,0,75,12.5,56.98,23.1,318.79,,
2024-09-21,FALSE,1351,3.75,20,1327.25,19.07,1.73,0,1348.05,72,4,83,1,82,1.15,18.71,362.38,964.87,,
2024-09-21,TRUE,215.5,18.53,0,196.97,16.95,0,0,213.92,3,3,6,0,6,2,65.66,45.63,151.34,,
2024-09-22,FALSE,600,0,0,600,0,0,0,600,33,,37,0,37,1.12,18.18,126.03,473.97,,
2024-09-22,TRUE,378.63,8.48,0,370.15,34.91,0,0,405.06,9,8,13,0,13,1.44,41.13,134.22,235.93,,
2024-09-23,FALSE,252,1.88,0,250.12,47.17,0,0,297.29,6,6,12,0,12,2,41.69,60.27,189.85,,
2024-09-23,TRUE,216,3.75,0,212.25,38.13,0,0,250.38,5,5,11,0,11,2.2,42.45,61.96,150.29,,
2024-09-24,FALSE,781,646.6,0,134.4,35.12,0,0,169.52,4,4,39,0,39,9.75,33.6,27.51,106.89,,
2024-09-24,TRUE,1068.13,3.75,0,1064.38,64.35,0,0,1128.73,23,20,45,0,45,1.96,46.28,347.38,717,,
2024-09-25,FALSE,521,38.6,0,482.4,40.63,0,0,523.03,13,13,23,0,23,1.77,37.11,132.48,349.92,,
2024-09-25,TRUE,644.23,81.36,0,562.87,36.36,0,0,599.23,10,9,21,0,21,2.1,56.29,214.51,348.36,,
2024-09-26,FALSE,1135,124.72,0,1010.28,293.34,0,0,1303.62,28,28,69,0,69,2.46,36.08,301.34,708.94,,
2024-09-26,TRUE,331.08,8.74,0,322.34,64.48,0,0,386.82,10,9,15,0,15,1.5,32.23,127.16,195.18,,
2024-09-27,FALSE,1444,116.39,0,1327.61,109.38,0,0,1436.99,38,38,77,0,77,2.03,34.94,386.69,940.92,,
2024-09-27,TRUE,3594.43,197.69,0,3396.74,60.94,0,0,3457.68,59,55,174,0,174,2.95,57.57,1330.32,2066.42,,
2024-09-28,FALSE,1409,60.33,0,1348.67,106.18,0,0,1454.85,55,12,80,0,80,1.45,24.52,385.35,963.32,,
2024-09-28,TRUE,129.5,4.37,0,125.13,41.02,0,0,166.15,4,4,10,0,10,2.5,31.28,44.12,81.01,,
2024-09-29,FALSE,594.5,49.21,0,545.29,124.59,0,0,669.88,15,15,38,0,38,2.53,36.35,148.93,396.36,,
2024-09-29,TRUE,85,3.75,0,81.25,18.54,0,0,99.79,2,2,6,0,6,3,40.63,19.35,61.9,,
2024-09-30,FALSE,716,57.85,0,658.15,172.19,0,0,830.34,17,17,41,0,41,2.41,38.71,218.01,440.14,,
2024-09-30,TRUE,1102.8,30.2,0,1072.6,316.69,0,0,1389.29,43,38,49,0,49,1.14,24.94,345.9,726.7,,
2024-10-01,FALSE,970.2,32.87,0,937.33,98.05,0,0,1035.38,33,13,61,0,61,1.85,28.4,278.88,658.45,,
2024-10-01,TRUE,1059,3.75,0,1055.25,170.66,0,0,1225.91,26,26,52,0,52,2,40.59,236.44,818.81,,
2024-10-02,FALSE,417.7,18.76,0,398.94,102.78,0,0,501.72,11,11,28,0,28,2.55,36.27,154.23,244.71,,
2024-10-02,TRUE,377,16.6,0,360.4,35.75,1.78,0,397.93,11,9,22,0,22,2,32.76,94.87,265.53,,
2024-10-03,FALSE,488.2,41.98,0,446.22,98.91,0,0,545.13,10,10,27,0,27,2.7,44.62,148.46,297.76,,
2024-10-03,TRUE,241,3.75,0,237.25,46.73,0,0,283.98,6,6,13,0,13,2.17,39.54,74.29,162.96,,
2024-10-04,FALSE,191,14.78,0,176.22,54.85,0,0,231.07,6,6,9,0,9,1.5,29.37,54.15,122.07,,
2024-10-04,TRUE,336.66,0,0,336.66,29.54,0,0,366.2,4,4,5,0,5,1.25,84.16,154.32,182.34,,
2024-10-05,FALSE,1896.9,19.38,0,1877.52,49.55,1.5,0,1928.57,76,9,118,0,118,1.55,24.7,576.97,1300.55,,
2024-10-05,TRUE,317.5,0,0,317.5,50.72,0,0,368.22,6,5,14,0,14,2.33,52.92,92.02,225.48,,
2024-10-06,FALSE,709.5,12.38,0,697.12,35.78,0,0,732.9,28,7,55,0,55,1.96,24.9,219.21,477.91,,
2024-10-06,TRUE,306,0,0,306,43.82,0,0,349.82,6,6,23,0,23,3.83,51,95.8,210.2,,
2024-10-07,FALSE,230.9,8.13,0,222.77,51.76,0,0,274.53,8,8,16,0,16,2,27.85,85.15,137.62,,
2024-10-07,TRUE,389.58,36.45,0,353.13,53.46,0,0,406.59,12,12,23,0,23,1.92,29.43,124.96,228.17,,
2024-10-08,FALSE,308,6.6,0,301.4,32.94,0,0,334.34,6,6,20,0,20,3.33,50.23,106.25,195.15,,
2024-10-08,TRUE,1153.75,38.5,0,1115.25,124.98,0,0,1240.23,22,17,55,0,55,2.5,50.69,315,800.25,,
2024-10-09,FALSE,346,5.63,0,340.37,24.26,0,0,364.63,12,5,23,0,23,1.92,28.36,76.01,264.36,,
2024-10-09,TRUE,692.2,90.33,0,601.87,220.1,0,0,821.97,26,16,38,0,38,1.46,23.15,227.73,374.14,,
2024-10-10,FALSE,432.63,45.55,0,387.08,59.32,0,0,446.4,11,11,29,0,29,2.64,35.19,138.28,248.8,,
2024-10-10,TRUE,829.2,40.54,22.5,766.16,85.55,0,0,851.71,16,16,56,1,55,3.5,49.29,251.12,515.04,,
2024-10-11,FALSE,165,5.63,0,159.37,32.27,0,0,191.64,4,5,14,0,14,3.5,39.84,54.7,104.67,,
2024-10-11,TRUE,259,0,0,259,29.3,0,0,288.3,7,7,19,0,19,2.71,37,77.58,181.42,,
2024-10-12,FALSE,2253,17.75,12,2223.25,63.36,0,0,2286.61,91,7,127,1,126,1.4,24.56,406.7,1816.55,,
2024-10-12,TRUE,130,0,0,130,24.38,0,0,154.38,3,3,6,0,6,2,43.33,39.88,90.12,,
2024-10-13,FALSE,988.7,6.6,0,982.1,40.11,0,0,1022.21,44,6,67,0,67,1.52,22.32,301.29,680.81,,
2024-10-13,TRUE,261.13,8.35,0,252.78,40.76,0,0,293.54,7,7,15,0,15,2.14,36.11,83.02,169.76,,
2024-10-14,FALSE,731.2,19.74,0,711.46,109.75,0,0,821.21,16,16,39,0,39,2.44,44.47,240.4,471.06,,
2024-10-14,TRUE,229,24.55,0,204.45,63.29,0,0,267.74,6,5,16,0,16,2.67,34.07,86.91,117.54,,
2024-10-15,FALSE,251,20.38,0,230.62,35.36,0,0,265.98,5,5,15,0,15,3,46.12,81.89,148.73,,
2024-10-15,TRUE,579.2,24.5,0,554.7,74.74,0,0,629.44,12,12,31,0,31,2.58,46.23,167.47,387.23,,
2024-10-16,FALSE,335.5,5.63,0,329.87,20.29,0,0,350.16,6,6,22,0,22,3.67,54.98,96.26,233.61,,
2024-10-16,TRUE,533.7,16.63,0,517.07,52.46,0,0,569.53,10,10,21,0,21,2.1,51.71,166.15,350.92,,
2024-10-17,FALSE,463.7,5.63,0,458.07,67.9,0,0,525.97,9,9,26,0,26,2.89,50.9,141.19,316.88,,
2024-10-17,TRUE,162,21.24,0,140.76,45.3,0,0,186.06,5,4,8,0,8,1.6,28.15,47.23,93.53,,
2024-10-18,FALSE,353,10.88,0,342.12,40.88,0,0,383,7,7,26,0,26,3.71,48.87,104.36,237.76,,
2024-10-18,TRUE,138,3.75,0,134.25,22.67,0,0,156.92,5,5,15,0,15,3,26.85,43.89,90.36,,
2024-10-19,FALSE,1911.5,49.06,0,1862.44,109.6,0,0,1972.04,74,9,131,0,131,1.77,25.17,574.71,1287.73,,
2024-10-19,TRUE,550.5,16.95,0,533.55,62.54,0,0,596.09,10,10,30,0,30,3,53.36,144.57,388.98,,
2024-10-20,FALSE,1028.7,12.25,0,1016.45,47.9,0,0,1064.35,39,10,73,0,73,1.87,26.06,409.78,606.67,,
2024-10-20,TRUE,187,7.7,0,179.3,33.78,0,0,213.08,4,4,9,0,9,2.25,44.83,63.36,115.94,,
2024-10-21,FALSE,192.5,13.13,0,179.37,34.01,0,0,213.38,4,4,16,0,16,4,44.84,61.76,117.61,,
2024-10-21,TRUE,132.3,0,0,132.3,8.18,0,0,140.48,2,2,2,0,2,1,66.15,37.84,94.46,,
2024-10-22,FALSE,343.5,3,0,340.5,33.92,0,0,374.42,7,7,22,0,22,3.14,48.64,107.43,233.07,,
2024-10-22,TRUE,430,40.5,0,389.5,47.02,0,0,436.52,8,8,21,0,21,2.63,48.69,139.06,250.44,,
2024-10-23,FALSE,332,42.3,0,289.7,72.87,0,0,362.57,6,6,21,0,21,3.5,48.28,86.19,203.51,,
2024-10-23,TRUE,440.5,9.9,0,430.6,37.66,0,0,468.26,8,8,27,0,27,3.38,53.83,116.59,314.01,,
2024-10-24,FALSE,50,1.88,0,48.12,17.4,0,0,65.52,2,3,3,0,3,1.5,24.06,15.4,32.72,,
2024-10-24,TRUE,273.5,0,0,273.5,70.63,0,0,344.13,8,9,14,0,14,1.75,34.19,44.55,228.95,,
2024-10-25,FALSE,622.5,24.53,25,572.97,27.47,0,0,600.44,16,13,51,2,49,3.19,37.37,176.46,396.51,,
2024-10-25,TRUE,2133.33,12.75,0,2120.58,17.62,0,0,2138.2,50,49,129,0,129,2.58,42.41,676.43,1444.15,,
2024-10-26,FALSE,1372,3.75,0,1368.25,27.79,0,0,1396.04,65,4,91,0,91,1.4,21.05,408.41,959.84,,
2024-10-26,TRUE,98.13,2.5,0,95.63,26.29,0,0,121.92,3,3,7,0,7,2.33,31.88,30.46,65.17,,
2024-10-27,FALSE,376.2,35.84,0,340.36,73.63,0,0,413.99,7,7,27,0,27,3.86,48.62,133.52,206.84,,
2024-10-27,TRUE,95.13,7.5,0,87.63,24.02,0,0,111.65,3,3,4,0,4,1.33,29.21,24.95,62.68,,
2024-10-28,FALSE,192.5,19.13,0,173.37,51.41,0,0,224.78,5,5,20,0,20,4,34.67,63.09,110.28,,
2024-10-28,TRUE,259.5,29.03,0,230.47,39.34,0,0,269.81,6,6,15,0,15,2.5,38.41,100.79,129.68,,
2024-10-29,FALSE,190,6.25,0,183.75,23.36,0,0,207.11,4,4,16,0,16,4,45.94,54.65,129.1,,
2024-10-29,TRUE,272.88,6.75,64.8,201.33,27.97,0,0,229.3,6,6,12,1,11,2,44.36,66.2,135.13,,
2024-10-30,FALSE,175.5,3.75,0,171.75,35.36,0,0,207.11,4,4,7,0,7,1.75,42.94,60.11,111.64,,
2024-10-30,TRUE,82.5,5.63,0,76.87,28.6,0,0,105.47,3,3,4,0,4,1.33,25.62,14.15,62.72,,
2024-10-31,FALSE,450.9,25.63,0,425.27,52.76,0,0,478.03,9,10,30,0,30,3.33,47.25,156.27,269,,
2024-10-31,TRUE,510,34.5,0,475.5,46.74,0,0,522.24,9,8,32,0,32,3.56,52.83,184.36,291.14,,
2024-11-01,FALSE,400.7,49.5,0,351.2,64.27,0,0,415.47,7,7,12,0,12,1.71,50.17,42.34,308.86,,
2024-11-01,TRUE,304.2,7.92,0,296.28,34.7,0,0,330.98,10,9,37,0,37,3.7,29.63,139.43,156.85,,
2024-11-02,FALSE,1001.08,0,0,1001.08,31.94,0,0,1033.02,41,7,59,0,59,1.44,24.42,298.18,702.9,,
2024-11-02,TRUE,346.1,7.5,0,338.6,24.32,0,0,362.92,6,6,17,0,17,2.83,56.43,93.04,245.56,,
2024-11-03,FALSE,872.5,16.3,0,856.2,70.4,0,0,926.6,29,9,57,0,57,1.97,29.52,273.46,582.74,,
2024-11-03,TRUE,808.33,52.24,0,756.09,146.18,0,0,902.27,18,17,42,0,42,2.33,42.01,221.74,534.35,,
2024-11-04,FALSE,172,2.5,0,169.5,44.23,0,0,213.73,6,6,17,0,17,2.83,28.25,57.46,112.04,,
2024-11-04,TRUE,699.83,22.96,0,676.87,97,0,0,773.87,15,15,39,0,39,2.6,45.12,233.44,443.43,,
2024-11-05,FALSE,257,10.35,0,246.65,45.32,0,0,291.97,5,5,13,0,13,2.6,49.33,85.25,161.4,,
2024-11-05,TRUE,215.13,19.28,0,195.85,39.74,0,0,235.59,4,4,6,0,6,1.5,48.96,48.68,147.17,,
2024-11-06,FALSE,423.83,30.45,0,393.38,45.17,0,0,438.55,8,8,20,0,20,2.5,49.17,172.17,221.21,,
2024-11-06,TRUE,399.2,19.18,0,380.02,67.93,0,0,447.95,10,10,15,0,15,1.5,38,119.19,260.83,,
2024-11-07,FALSE,301.5,12.5,0,289,56.99,0,0,345.99,7,7,23,0,23,3.29,41.29,101.95,187.05,,
2024-11-07,TRUE,194.25,16.05,0,178.2,40.17,0,0,218.37,4,4,7,0,7,1.75,44.55,37.55,140.65,,
2024-11-08,FALSE,422.5,20.64,0,401.86,67.4,0,0,469.26,8,8,24,0,24,3,50.23,112.98,288.88,,
2024-11-08,TRUE,195.2,0,0,195.2,11.82,0,0,207.02,4,4,10,0,10,2.5,48.8,72.75,122.45,,
2024-11-09,FALSE,808.5,7.5,0,801,49.08,0,0,850.08,35,4,57,0,57,1.63,22.89,243.77,557.23,,
2024-11-09,TRUE,693.4,1.87,0,691.53,27.09,0,0,718.62,10,10,43,0,43,4.3,69.15,232.64,458.89,,
2024-11-10,FALSE,1114.5,28.73,0,1085.77,70.77,0,0,1156.54,45,9,68,0,68,1.51,24.13,355.88,729.89,,
2024-11-10,TRUE,448.23,17.09,0,431.14,44.74,0,0,475.88,9,9,21,0,21,2.33,47.9,156.32,274.82,,
2024-11-11,FALSE,590.4,30.44,0,559.96,76.85,0,0,636.81,10,10,29,0,29,2.9,56,240.41,319.55,,
2024-11-11,TRUE,1010.4,16.5,0,993.9,104.97,0,0,1098.87,15,14,37,0,37,2.47,66.26,254.78,739.12,,
2024-11-12,FALSE,826,23.89,0,802.11,39.85,0,0,841.96,9,9,48,0,48,5.33,89.12,258.63,543.48,,
2024-11-12,TRUE,1044.1,30.98,0,1013.12,82.89,0,0,1096.01,16,15,55,0,55,3.44,63.32,292.47,720.65,,
2024-11-13,FALSE,509.4,53.75,0,455.65,15.2,0,0,470.85,5,5,21,0,21,4.2,91.13,208.62,247.03,,
2024-11-13,TRUE,419.93,15,0,404.93,50.72,0,0,455.65,8,8,26,0,26,3.25,50.62,115.61,289.32,,
2024-11-14,FALSE,932,116.78,13.5,801.72,59.3,0,0,861.02,14,14,69,0,69,4.93,58.23,289.44,512.28,,
2024-11-14,TRUE,1807.7,346.54,0,1461.16,224.52,0,0,1685.68,34,34,116,0,116,3.41,42.98,563.68,897.48,,
2024-11-15,FALSE,809.5,129.3,0,680.2,65.39,0,0,745.59,9,9,29,0,29,3.22,75.58,371.04,309.16,,
2024-11-15,TRUE,1031.5,166.8,0,864.7,51.72,0,0,916.42,13,13,58,0,58,4.46,66.52,276.78,587.92,,
2024-11-16,FALSE,1449.7,37.26,0,1412.44,68.9,0,0,1481.34,51,10,93,0,93,1.82,27.69,417.15,995.29,,
2024-11-16,TRUE,2181.15,351.34,0,1829.81,174.25,0,0,2004.06,32,31,129,0,129,4.03,57.18,787.16,1042.65,,
2024-11-17,FALSE,1087.2,83.49,0,1003.71,54.92,0,0,1058.63,30,10,60,0,60,2,33.46,221.32,782.39,,
2024-11-17,TRUE,585.2,101.37,0,483.83,74.16,0,0,557.99,11,11,36,0,36,3.27,43.98,170.24,313.59,,
2024-11-18,FALSE,114.5,15.13,0,99.37,30.21,0,0,129.58,3,3,4,0,4,1.33,33.12,40.57,58.8,,
2024-11-18,TRUE,806,125.8,0,680.2,75.77,0,0,755.97,14,14,41,0,41,2.93,48.59,261.14,419.06,,
2024-11-19,FALSE,550.4,96,0,454.4,18.29,0,0,472.69,7,7,36,0,36,5.14,64.91,149.27,305.13,,
2024-11-19,TRUE,968,157.1,0,810.9,81.11,0,0,892.01,17,17,60,0,60,3.53,47.7,292.11,518.79,,
2024-11-20,FALSE,364,57.23,13.2,293.57,17.86,0,0,311.43,5,5,13,0,13,2.6,61.35,122.51,171.06,,
2024-11-20,TRUE,1216.6,214.11,0,1002.49,36.36,0,0,1038.85,8,7,25,0,25,3.13,125.31,341.73,660.76,,
2024-11-21,FALSE,1131.18,179.79,0,951.39,60.11,0,0,1011.5,15,15,76,0,76,5.07,63.43,375.66,575.73,,
2024-11-21,TRUE,2417.4,399.97,0,2017.43,158.93,0,0,2176.36,37,37,121,0,121,3.27,54.53,734.58,1282.85,,
2024-11-22,FALSE,431.76,71.96,0,359.8,69.21,0,0,429.01,9,9,26,0,26,2.89,39.98,107.86,251.94,,
2024-11-22,TRUE,751.7,116.17,0,635.53,58.01,0,0,693.54,11,11,47,0,47,4.27,57.78,263.49,372.04,,
2024-11-23,FALSE,1759.1,77.45,0,1681.65,33.59,0,0,1715.24,51,8,91,0,91,1.78,32.97,432.87,1248.78,,
2024-11-23,TRUE,1121.63,180.2,0,941.43,120.51,0,0,1061.94,19,19,65,0,65,3.42,49.55,387.54,553.89,,
2024-11-24,FALSE,745.2,80.74,0,664.46,42.51,0,0,706.97,10,10,42,0,42,4.2,66.45,223.38,441.08,,
2024-11-24,TRUE,607,61.2,0,545.8,47.27,0,0,593.07,8,8,21,0,21,2.63,68.23,213.97,331.83,,
2024-11-25,FALSE,579.5,69.5,0,510,56.1,0,0,566.1,10,10,32,0,32,3.2,51,185.09,324.91,,
2024-11-25,TRUE,629.54,73.24,0,556.3,87.32,0,0,643.62,17,15,30,0,30,1.76,32.72,223.25,333.05,,
2024-11-26,FALSE,176,22.7,0,153.3,28.71,0,0,182.01,3,3,13,0,13,4.33,51.1,48.22,105.08,,
2024-11-26,TRUE,1647.9,305.95,0,1341.95,76.43,0,0,1418.38,24,23,96,0,96,4,55.91,429.73,912.22,,
2024-11-27,FALSE,421.2,34.2,0,387,44.09,0,0,431.09,8,8,20,0,20,2.5,48.38,147.7,239.3,,
2024-11-27,TRUE,1160.1,225.02,22.5,912.58,76.06,0,0,988.64,16,16,51,2,49,3.19,58.44,318.52,594.06,,
2024-11-28,FALSE,372.5,37.5,0,335,45.97,0,0,380.97,8,8,23,0,23,2.88,41.88,130.49,204.51,,
2024-11-28,TRUE,419.09,83.82,0,335.27,0,0,0,335.27,5,5,28,0,28,5.6,67.05,105.16,230.11,,
2024-11-29,FALSE,901.5,143.3,0,758.2,94.02,0,0,852.22,16,16,48,0,48,3,47.39,218.09,540.11,,
2024-11-29,TRUE,1052.1,178.38,0,873.72,70.34,0,0,944.06,15,14,45,0,45,3,58.25,294.8,578.92,,
2024-11-30,FALSE,775.4,107.98,0,667.42,64.76,0,0,732.18,12,12,33,0,33,2.75,55.62,320.52,346.9,,
2024-11-30,TRUE,1446.2,259.11,0,1187.09,76.07,0,0,1263.16,20,20,70,0,70,3.5,59.35,360.4,826.69,,
2024-12-01,FALSE,829,98.3,0,730.7,105.84,0,0,836.54,16,16,34,0,34,2.13,45.67,197.63,533.07,,
2024-12-01,TRUE,757.7,126.44,0,631.26,39.76,0,0,671.02,10,10,34,0,34,3.4,63.13,235.33,395.93,,
2024-12-02,FALSE,1825.2,292,0,1533.2,0,0,0,1533.2,36,36,97,0,97,2.69,42.59,622.82,910.38,,
2024-12-02,TRUE,3400.63,573.27,0,2827.36,26.3,0,0,2853.66,71,71,203,0,203,2.86,39.82,1049.4,1777.96,,
2024-12-03,FALSE,987.9,126.68,30.8,830.42,0,0,0,830.42,16,16,71,1,70,4.44,53.83,341.01,489.41,,
2024-12-03,TRUE,1899.83,339.54,79.64,1480.65,3.24,0,0,1483.89,37,35,123,1,122,3.32,42.17,473.57,1007.08,,
2024-12-04,FALSE,158.5,5,0,153.5,0,0,0,153.5,3,3,10,0,10,3.33,51.17,31.56,121.94,,
2024-12-04,TRUE,825.83,62,0,763.83,52.78,0,0,816.61,11,11,59,0,59,5.36,69.44,244.82,519.01,,
2024-12-05,FALSE,254.5,10.88,0,243.62,21.14,0,0,264.76,4,4,12,0,12,3,60.91,86.95,156.67,,
2024-12-05,TRUE,496.33,134.2,0,362.13,27.27,0,0,389.4,8,8,27,0,27,3.38,45.27,121.99,240.14,,
2024-12-06,FALSE,224.5,19.85,5.88,198.77,27.05,0,0,225.82,4,4,11,0,11,2.75,51.16,45.51,153.26,,
2024-12-06,TRUE,298.7,34.67,15,249.03,51.1,0,0,300.13,9,8,10,0,10,1.11,29.34,102.4,146.63,,
2024-12-07,FALSE,556.6,15.62,0,540.98,41.87,0,0,582.85,8,8,20,0,20,2.5,67.62,259.57,281.41,,
2024-12-07,TRUE,125.75,0,0,125.75,19.86,0,0,145.61,3,3,11,0,11,3.67,41.92,45.97,79.78,,
2024-12-08,FALSE,334.7,5.62,0,329.08,30.78,0,0,359.86,6,6,13,0,13,2.17,54.85,144.19,184.89,,
2024-12-08,TRUE,358.33,0,0,358.33,19.08,0,0,377.41,5,5,14,0,14,2.8,71.67,136.69,221.64,,
2024-12-09,FALSE,708.5,37.3,0,671.2,113.65,0,0,784.85,13,13,49,0,49,3.77,51.63,175.09,496.11,,
2024-12-09,TRUE,383.7,5,0,378.7,30.36,0,0,409.06,8,8,10,0,10,1.25,47.34,100.99,277.71,,
2024-12-10,FALSE,189.5,7.5,0,182,55.08,0,0,237.08,6,6,17,0,17,2.83,30.33,64.14,117.86,,
2024-12-10,TRUE,945.5,29.45,0,916.05,123.22,0,0,1039.27,18,18,69,0,69,3.83,50.89,314.2,601.85,,
2024-12-11,FALSE,437.9,54.27,0,383.63,49.3,0,0,432.93,6,6,20,0,20,3.33,63.94,181.15,202.48,,
2024-12-11,TRUE,304,40.1,0,263.9,77.4,0,0,341.3,9,7,18,0,18,2,29.32,103.28,160.62,,
2024-12-12,FALSE,516.2,23.8,0,492.4,40.84,0,0,533.24,7,7,29,0,29,4.14,70.34,166.04,326.36,,
2024-12-12,TRUE,684.7,20.9,0,663.8,54.4,0,0,718.2,13,13,37,0,37,2.85,51.06,239.97,423.83,,
2024-12-13,FALSE,652.2,16.83,0,635.37,35.79,0,0,671.16,8,8,30,0,30,3.75,79.42,134.33,501.04,,
2024-12-13,TRUE,72.5,10,0,62.5,36.57,0,0,99.07,6,4,7,0,7,1.17,10.42,22.33,40.17,,
2024-12-14,FALSE,150,7.5,0,142.5,18.89,0,0,161.39,3,3,11,0,11,3.67,47.5,48.95,93.55,,
2024-12-14,TRUE,523.4,20,0,503.4,40.77,0,0,544.17,8,7,26,0,26,3.25,62.93,147.18,356.22,,
2024-12-15,FALSE,151.2,0,0,151.2,24.44,0,0,175.64,3,3,11,0,11,3.67,50.4,58.58,92.62,,
2024-12-15,TRUE,356.2,0,0,356.2,32.89,0,0,389.09,6,6,22,0,22,3.67,59.37,128.86,227.34,,
2024-12-16,FALSE,351,3.75,0,347.25,9.4,0,0,356.65,12,12,27,0,27,2.25,28.94,112.7,234.55,,
2024-12-16,TRUE,2463.6,33.65,0,2429.95,38.59,0,0,2468.54,56,53,160,0,160,2.86,43.39,804.61,1625.34,,
2024-12-17,FALSE,344.7,16.28,0,328.42,35.34,0,0,363.76,6,6,15,0,15,2.5,54.74,149.74,178.68,,
2024-12-17,TRUE,421.5,19.9,0,401.6,58.78,0,0,460.38,19,15,36,0,36,1.89,21.14,146.28,255.32,,
2024-12-18,FALSE,240.7,0,21.57,219.13,9.22,0,0,228.35,3,3,11,0,11,3.67,80.23,51.12,168.01,,
2024-12-18,TRUE,366,189.3,0,176.7,27.92,0,0,204.62,10,8,26,0,26,2.6,17.67,119.58,57.12,,
2024-12-19,FALSE,339.7,27.3,0,312.4,12.06,0,0,324.46,4,4,15,0,15,3.75,78.1,120.36,192.04,,
2024-12-19,TRUE,1355.16,172.73,0,1182.43,167.86,0,0,1350.29,31,26,80,0,80,2.58,38.14,475.88,706.55,,
2024-12-20,FALSE,405,40.88,0,364.12,76.95,0,0,441.07,8,8,25,0,25,3.13,45.52,105.22,258.9,,
2024-12-20,TRUE,482.61,19.43,0,463.18,33.22,0,0,496.4,7,5,17,0,17,2.43,66.17,193.29,269.89,,
2024-12-21,FALSE,116.7,5.63,0,111.07,15.08,0,0,126.15,2,2,6,0,6,3,55.54,51.5,59.57,,
2024-12-21,TRUE,376.75,9.9,0,366.85,39.95,0,0,406.8,7,7,19,0,19,2.71,52.41,138.42,228.43,,
2024-12-22,FALSE,75,11.26,0,63.74,18.51,0,0,82.25,2,2,5,0,5,2.5,31.87,14.66,49.08,,
2024-12-22,TRUE,109.13,0,0,109.13,19.12,0,0,128.25,2,2,3,0,3,1.5,54.57,38.36,70.77,,
2024-12-23,FALSE,60.02,0,0,60.02,0,0,0,60.02,1,1,5,0,5,5,60.02,19.71,40.31,,
2024-12-23,TRUE,586.5,42.6,0,543.9,102.77,0,0,646.67,14,10,18,0,18,1.29,38.85,107.29,436.61,,
2024-12-24,FALSE,178.5,23.49,0,155.01,40.49,0,0,195.5,4,4,10,0,10,2.5,38.75,45.5,109.51,,
2024-12-24,TRUE,456.5,26.4,0,430.1,24.85,0,0,454.95,5,5,20,0,20,4,86.02,141.44,288.66,,
2024-12-25,FALSE,253.2,7.05,0,246.15,18.49,0,0,264.64,4,4,16,0,16,4,61.54,78.63,167.52,,
2024-12-25,TRUE,103.88,0,0,103.88,17.67,0,0,121.55,3,3,6,0,6,2,34.63,32.45,71.43,,
2024-12-26,FALSE,69,4.4,0,64.6,18.44,0,0,83.04,3,3,5,0,5,1.67,21.53,27,37.6,,
2024-12-26,TRUE,833.75,140.26,0,693.49,145.15,0,0,838.64,18,17,51,0,51,2.83,38.53,256.12,437.37,,
2024-12-27,FALSE,119,0,0,119,20,0,0,139,3,3,4,0,4,1.33,39.67,34.89,84.11,,
2024-12-27,TRUE,500.26,74,0,426.26,67.2,0,0,493.46,10,9,21,0,21,2.1,42.63,147.54,278.72,,
2024-12-28,FALSE,169.5,13.5,0,156,47.35,0,0,203.35,5,5,9,0,9,1.8,31.2,59.44,96.56,,
2024-12-28,TRUE,664.9,99.47,0,565.43,88.75,0,0,654.18,14,14,40,0,40,2.86,40.39,191.56,373.87,,
2024-12-29,FALSE,87.5,0,0,87.5,29.99,0,0,117.49,3,3,6,0,6,2,29.17,26.63,60.87,,
2024-12-29,TRUE,407,28.85,9.53,368.62,97.43,0,0,466.05,9,8,30,0,30,3.33,42.02,142.29,226.33,,
2024-12-30,FALSE,223.5,25.08,0,198.42,46.58,0,0,245,4,4,10,0,10,2.5,49.61,51.44,146.98,,
2024-12-30,TRUE,405,43.8,0,361.2,30.25,0,0,391.45,10,9,13,0,13,1.3,36.12,131.64,229.56,,
2024-12-31,FALSE,105,10.13,0,94.87,18.21,0,0,113.08,2,2,8,0,8,4,47.44,34.28,60.59,,
2024-12-31,TRUE,1077.77,0,0,1077.77,322.48,0,0,1400.25,36,33,43,0,43,1.19,29.94,329.46,748.31,,
2025-01-01,FALSE,122.5,0,0,122.5,33.19,4.98,0,160.67,3,3,5,0,5,1.67,40.83,31.11,91.39,,
2025-01-01,TRUE,508.2,48.65,0,459.55,88.61,0,0,548.16,15,15,22,0,22,1.47,30.64,156.87,302.68,,
2025-01-02,FALSE,129.5,4.75,17.65,107.1,25.84,0,0,132.94,3,3,12,0,12,4,41.58,44.35,62.75,,
2025-01-02,TRUE,356.13,45.83,0,310.3,87.48,0,0,397.78,10,8,14,0,14,1.4,31.03,139.91,170.39,,
2025-01-03,FALSE,415.5,9.71,0,405.79,51.35,0,0,457.14,8,8,20,0,20,2.5,50.72,146.26,259.53,,
2025-01-03,TRUE,2358,63.78,0,2294.22,201.86,0,0,2496.08,43,41,141,0,141,3.28,53.35,782.59,1511.63,,
2025-01-04,FALSE,221.5,35.13,0,186.37,9.15,0,0,195.52,4,4,19,0,19,4.75,46.59,76.83,109.54,,
2025-01-04,TRUE,979.09,124.03,20,835.06,96.84,0,0,931.9,18,18,43,2,41,2.39,47.5,359.29,475.77,,
2025-01-05,FALSE,199,27.66,77.35,93.99,53.37,0,0,147.36,5,5,18,5,13,3.6,34.27,49.23,44.76,,
2025-01-05,TRUE,810.33,35.78,0,774.55,62.54,0,0,837.09,13,13,36,0,36,2.77,59.58,297.83,476.72,,
2025-01-06,FALSE,78.5,0,0,78.5,0,0,0,78.5,1,1,4,0,4,4,78.5,34.13,44.37,,
2025-01-06,TRUE,407.95,37,0,370.95,51.42,0.5,0,422.87,12,11,24,3,21,2,30.91,150.02,220.93,,
2025-01-07,FALSE,292.5,21,0,271.5,36.78,1.85,0,310.13,5,5,9,0,9,1.8,54.3,95.73,175.77,,
2025-01-07,TRUE,374.7,10,0,364.7,33.04,5.23,0,402.97,8,7,27,0,27,3.38,45.59,141.25,223.45,,
2025-01-08,FALSE,313.5,0,0,313.5,27,0,0,340.5,5,5,16,0,16,3.2,62.7,62.31,251.19,,
2025-01-08,TRUE,438.5,3.75,7.5,427.25,63.66,0,0,490.91,11,10,23,0,23,2.09,39.52,151.37,275.88,,
2025-01-09,FALSE,254.5,17.4,0,237.1,27.14,0,0,264.24,4,4,10,0,10,2.5,59.28,89.9,147.2,,
2025-01-09,TRUE,476.7,15.84,0,460.86,103.63,0,0,564.49,13,13,20,0,20,1.54,35.45,172.5,288.36,,
2025-01-10,FALSE,1083,757.05,0,325.95,35.93,0,0,361.88,7,7,76,0,76,10.86,46.56,411.52,-85.57,,
2025-01-10,TRUE,2505.9,2256.75,0,249.15,77.59,0,0,326.74,12,10,200,0,200,16.67,20.76,984.57,-735.42,,
2025-01-11,FALSE,212,5.63,0,206.37,28.67,0,0,235.04,6,6,15,0,15,2.5,34.4,70.83,135.54,,
2025-01-11,TRUE,429,5,0,424,94.64,0.99,0,519.63,11,11,24,0,24,2.18,38.55,156.17,267.83,,
2025-01-12,FALSE,301.7,16.85,0,284.85,44.79,0,0,329.64,5,5,21,0,21,4.2,56.97,113.13,171.72,,
2025-01-12,TRUE,406,40.45,0,365.55,46.7,0,0,412.25,7,7,31,0,31,4.43,52.22,135.62,229.93,,
2025-01-13,FALSE,512.5,34.51,0,477.99,48.37,0,0,526.36,8,8,28,4,24,3.5,59.75,128.56,349.43,,
2025-01-13,TRUE,387.9,85.05,0,302.85,27.02,0,0,329.87,7,7,15,0,15,2.14,43.26,164.48,138.37,,
2025-01-14,FALSE,383.5,154.86,0,228.64,30.3,0,0,258.94,10,10,32,2,30,3.2,22.86,111.84,116.8,,
2025-01-14,TRUE,1146.5,27.83,0,1118.67,188.95,0,0,1307.62,25,23,61,0,61,2.44,44.75,359.32,759.35,,
2025-01-15,FALSE,277,5.63,66,205.37,36.16,0,0,241.53,7,7,16,1,15,2.29,38.77,65.35,140.02,,
2025-01-15,TRUE,690.76,32.5,0,658.26,125.32,0,0,783.58,17,17,43,0,43,2.53,38.72,218.57,439.69,,
2025-01-16,FALSE,238,3.75,0,234.25,51.09,0,0,285.34,6,6,16,0,16,2.67,39.04,87.57,146.68,,
2025-01-16,TRUE,610,0,0,610,27.09,0,0,637.09,10,10,30,0,30,3,61,180.71,429.29,,
2025-01-17,FALSE,47,0,0,47,21.7,0,0,68.7,2,2,3,0,3,1.5,23.5,17.35,29.65,,
2025-01-17,TRUE,258.4,10.62,0,247.78,49.72,0,0,297.5,7,7,18,0,18,2.57,35.4,76.38,171.4,,
2025-01-18,FALSE,245.2,13.2,0,232,18.5,0,0,250.5,4,4,6,0,6,1.5,58,81.98,150.02,,
2025-01-18,TRUE,227,19.4,0,207.6,17.99,0,0,225.59,4,4,11,0,11,2.75,51.9,74.74,132.86,,
2025-01-19,FALSE,385.5,36.55,0,348.95,87.64,0,0,436.59,9,9,20,0,20,2.22,38.77,135.67,213.28,,
2025-01-19,TRUE,352.5,21.75,0,330.75,61.95,0,0,392.7,8,8,17,1,16,2.13,41.34,99.04,231.71,,
2025-01-20,FALSE,240,10.13,0,229.87,23.48,0,0,253.35,4,4,13,0,13,3.25,57.47,82.9,146.97,,
2025-01-20,TRUE,582,30.7,0,551.3,105.65,4.1,0,661.05,13,13,39,0,39,3,42.41,183.64,367.66,,
2025-01-21,FALSE,237,13.65,0,223.35,20.23,0,0,243.58,4,4,13,0,13,3.25,55.84,85.17,138.18,,
2025-01-21,TRUE,545.5,70.01,0,475.49,64.83,0,0,540.32,13,13,37,0,37,2.85,36.58,161.55,313.94,,
2025-01-22,FALSE,296.2,32.87,66,197.33,35.15,0,0,232.48,5,5,11,1,10,2.2,52.67,86.55,110.78,,
2025-01-22,TRUE,379.5,21.3,0,358.2,29.13,0,0,387.33,6,5,35,0,35,5.83,59.7,127.75,230.45,,
2025-01-23,FALSE,184.5,3.75,0,180.75,35.18,0,0,215.93,4,4,16,0,16,4,45.19,62.61,118.14,,
2025-01-23,TRUE,317.5,10.88,0,306.62,35.2,0,0,341.82,8,8,24,0,24,3,38.33,105.24,201.38,,
2025-01-24,FALSE,112.2,0,0,112.2,0,0,0,112.2,1,1,1,0,1,1,112.2,58.26,53.94,,
2025-01-24,TRUE,436.76,8.75,0,428.01,97.38,0,0,525.39,12,12,26,0,26,2.17,35.67,147.66,280.35,,
2025-01-25,FALSE,87.5,3.75,0,83.75,26.08,0,0,109.83,3,3,5,0,5,1.67,27.92,18.6,65.15,,
2025-01-25,TRUE,302.5,0,0,302.5,17.32,0,0,319.82,5,5,17,0,17,3.4,60.5,89.37,213.13,,
2025-01-26,FALSE,204.5,24.01,0,180.49,42.37,0,0,222.86,4,4,20,0,20,5,45.12,71.65,108.84,,
2025-01-26,TRUE,137.5,0,0,137.5,36.73,0,0,174.23,4,4,5,0,5,1.25,34.38,41.76,95.74,,
2025-01-27,FALSE,248.5,7.5,0,241,17.38,0,0,258.38,4,4,13,0,13,3.25,60.25,47.93,193.07,,
2025-01-27,TRUE,275,0,104.13,170.87,-2.06,0,0,168.81,6,6,17,2,15,2.83,45.83,46.6,124.27,,
2025-01-28,FALSE,280.5,80,160,40.5,54.91,0,0,95.41,7,7,26,5,21,3.71,28.64,22.94,17.56,,
2025-01-28,TRUE,218.5,15.93,0,202.57,41.43,0,0,244,6,6,9,0,9,1.5,33.76,77.98,124.59,,
2025-01-29,FALSE,250.5,0,25,225.5,24.26,0,0,249.76,4,4,16,0,16,4,62.63,88.91,136.59,,
2025-01-29,TRUE,419.76,40.88,12.5,366.38,17.48,0,0,383.86,9,9,18,1,17,2,42.1,129.41,236.97,,
2025-01-30,FALSE,274,43.88,0,230.12,60.13,0,0,290.25,5,5,12,0,12,2.4,46.02,91.71,138.41,,
2025-01-30,TRUE,213.5,11.25,0,202.25,32.66,0,0,234.91,5,5,18,0,18,3.6,40.45,75.19,127.06,,
2025-01-31,FALSE,185,7.5,0,177.5,26.25,0,0,203.75,4,4,10,0,10,2.5,44.38,49.08,128.42,,
2025-01-31,TRUE,412.5,24.75,0,387.75,88,0,0,475.75,9,9,27,0,27,3,43.08,129.54,258.21,,
2025-02-01,FALSE,312.5,10.43,0,302.07,64.95,0,0,367.02,8,8,25,0,25,3.13,37.76,119.32,182.75,,
2025-02-01,TRUE,2025.61,31.55,0,1994.06,178.43,0,0,2172.49,33,33,125,0,125,3.79,60.43,789.46,1204.6,,
2025-02-02,FALSE,210,7.13,0,202.87,32.75,0,0,235.62,4,4,12,0,12,3,50.72,69.05,133.82,,
2025-02-02,TRUE,640,25.03,25,589.97,46.99,0,0,636.96,11,11,30,2,28,2.73,55.91,225.56,364.41,,
2025-02-03,FALSE,100,25.63,0,74.37,13.49,0,0,87.86,2,2,8,0,8,4,37.19,31.09,43.28,,
2025-02-03,TRUE,564.5,13.2,0,551.3,49.37,3.68,0,604.35,11,11,41,0,41,3.73,50.12,186.73,364.57,,
2025-02-04,FALSE,119.5,0,0,119.5,17.47,0,0,136.97,3,3,13,0,13,4.33,39.83,31.55,87.95,,
2025-02-04,TRUE,314.38,0,0,314.38,65.57,0,0,379.95,8,8,16,0,16,2,39.3,112.6,201.78,,
2025-02-05,FALSE,215,2.5,0,212.5,54.59,0,0,267.09,5,5,10,0,10,2,42.5,70.01,142.49,,
2025-02-05,TRUE,48.75,0,0,48.75,25.59,0,0,74.34,2,2,5,0,5,2.5,24.38,15.9,32.85,,
2025-02-06,FALSE,505,26.5,0,478.5,46.68,0,0,525.18,9,9,35,0,35,3.89,53.17,161.62,316.88,,
2025-02-06,TRUE,1096.53,1.6,0,1094.93,78.68,0,0,1173.61,18,18,48,0,48,2.67,60.83,388.82,706.11,,
2025-02-07,FALSE,194.5,0,0,194.5,8.81,0,0,203.31,3,3,14,0,14,4.67,64.83,68.49,126.01,,
2025-02-07,TRUE,241.5,18.8,0,222.7,44.6,0,0,267.3,6,6,15,0,15,2.5,37.12,72.76,149.94,,
2025-02-08,FALSE,116,1.88,0,114.12,17.59,0,0,131.71,3,3,7,0,7,2.33,38.04,44.96,69.16,,
2025-02-08,TRUE,921.9,3.2,0,918.7,86.69,0,0,1005.39,16,15,54,0,54,3.38,57.42,289.1,629.6,,
2025-02-09,FALSE,323.5,0,0,323.5,43.61,0,0,367.11,7,7,30,0,30,4.29,46.21,103.56,219.94,,
2025-02-09,TRUE,259,0,0,259,27.38,0,0,286.38,5,5,11,0,11,2.2,51.8,86.86,172.14,,
2025-02-10,FALSE,37.5,5.63,0,31.87,8.81,0,0,40.68,1,1,4,0,4,4,31.87,12.11,19.76,,
2025-02-10,TRUE,382,1.87,0,380.13,52.83,0,0,432.96,9,8,15,0,15,1.67,42.24,111.92,268.21,,
2025-02-11,FALSE,398.5,62.5,0,336,0,0,0,336,4,4,26,0,26,6.5,84,107.42,228.58,,
2025-02-11,TRUE,380,66.63,0,313.37,49.44,0,0,362.81,11,10,30,0,30,2.73,28.49,139.32,174.05,,
2025-02-12,FALSE,116.8,49.4,0,67.4,8.81,0,0,76.21,2,2,8,0,8,4,33.7,42.43,24.97,,
2025-02-12,TRUE,379,13.5,0,365.5,49.12,0,0,414.62,7,7,26,0,26,3.71,52.21,133.94,231.56,,
2025-02-13,FALSE,173.7,7.92,0,165.78,8.81,0,0,174.59,2,2,10,0,10,5,82.89,76.55,89.23,,
2025-02-13,TRUE,445.7,12.75,0,432.95,18.47,0,0,451.42,7,7,32,0,32,4.57,61.85,158.04,274.91,,
2025-02-14,FALSE,191.7,3.75,0,187.95,32.42,0,0,220.37,4,4,12,0,12,3,46.99,74.55,113.4,,
2025-02-14,TRUE,596.33,64,0,532.33,89.24,0,0,621.57,13,13,44,0,44,3.38,40.95,205.03,327.3,,
2025-02-15,FALSE,235.5,15.98,0,219.52,49.26,0,0,268.78,6,6,16,0,16,2.67,36.59,85.62,133.9,,
2025-02-15,TRUE,493.4,33.92,0,459.48,42.55,0,0,502.03,8,7,37,0,37,4.63,57.43,175.6,283.88,,
2025-02-16,FALSE,196,6.88,0,189.12,28.89,0,0,218.01,5,5,5,0,5,1,37.82,70.93,118.19,,
2025-02-16,TRUE,793.8,81.18,0,712.62,70.69,0,0,783.31,11,11,37,0,37,3.36,64.78,296.72,415.9,,
2025-02-17,FALSE,171,10.13,0,160.87,25.75,0,0,186.62,3,3,5,0,5,1.67,53.62,63.24,97.63,,
2025-02-17,TRUE,132,6.5,0,125.5,34.42,0,0,159.92,3,3,8,0,8,2.67,41.83,37.01,88.49,,
2025-02-18,FALSE,335,38.78,0,296.22,54.39,0,0,350.61,6,6,25,0,25,4.17,49.37,101.56,194.66,,
2025-02-18,TRUE,455.5,55.13,0,400.37,57.41,0,0,457.78,9,9,29,0,29,3.22,44.49,137.81,262.56,,
2025-02-19,FALSE,179,10.88,0,168.12,10.8,0,0,178.92,3,3,9,0,9,3,56.04,65.62,102.5,,
2025-02-19,TRUE,535.5,72.3,0,463.2,83.57,1.83,0,548.6,14,13,39,0,39,2.79,33.09,175.68,287.52,,
2025-02-20,FALSE,400.5,16.73,100.5,283.27,49.47,0,0,332.74,10,10,23,3,20,2.3,38.38,86.5,196.77,,
2025-02-20,TRUE,225,7.5,22.5,195,18.75,0,0,213.75,5,4,7,2,5,1.4,43.5,62.77,132.23,,
2025-02-21,FALSE,481.5,0,0,481.5,0,0,0,481.5,14,14,31,0,31,2.21,34.39,139.03,342.47,,
2025-02-21,TRUE,3024.7,13.2,0,3011.5,26.95,1.08,0,3039.53,73,70,214,0,214,2.93,41.25,978.75,2032.75,,
2025-02-22,FALSE,514.4,0,0,514.4,34.95,0,0,549.35,8,8,22,0,22,2.75,64.3,222.38,292.02,,
2025-02-22,TRUE,285.25,9.15,0,276.1,70.32,0,0,346.42,8,8,26,0,26,3.25,34.51,97.61,178.49,,
2025-02-23,FALSE,125.5,0,0,125.5,20.65,0,0,146.15,3,3,5,0,5,1.67,41.83,50.18,75.32,,
2025-02-23,TRUE,461.88,0,0,461.88,58.94,0,0,520.82,9,9,31,0,31,3.44,51.32,165.74,296.14,,
2025-02-24,FALSE,515.76,12.22,0,503.54,64.32,0,0,567.86,8,8,16,0,16,2,62.94,172.28,331.26,,
2025-02-24,TRUE,320.5,22.15,11.88,286.47,24.75,0,0,311.22,5,5,24,1,23,4.8,59.67,107.62,178.85,,
2025-02-25,FALSE,172,9.7,0,162.3,35.81,0,0,198.11,4,4,9,0,9,2.25,40.58,58.19,104.11,,
2025-02-25,TRUE,388.46,18.8,0,369.66,50.46,0,0,420.12,9,9,25,0,25,2.78,41.07,151.45,218.21,,
2025-02-26,FALSE,125.5,8.93,0,116.57,11.57,0,0,128.14,2,2,9,0,9,4.5,58.29,51.35,65.22,,
2025-02-26,TRUE,423.5,7.13,0,416.37,34.19,0,0,450.56,7,7,22,0,22,3.14,59.48,156.14,260.23,,
2025-02-27,FALSE,207,37.5,0,169.5,40.93,0,0,210.43,5,5,17,0,17,3.4,33.9,69.19,100.31,,
2025-02-27,TRUE,386.03,51.92,0,334.11,77.18,0,0,411.29,10,10,29,2,27,2.9,33.41,174.13,159.98,,
2025-02-28,FALSE,110,2.5,8.66,98.84,40.01,0,0,138.85,4,4,10,0,10,2.5,26.88,34.67,64.17,,
2025-02-28,TRUE,579.52,197.28,0,382.24,89.55,2.65,0,474.44,13,13,29,0,29,2.23,29.4,193.38,188.86,,
2025-03-01,FALSE,152,0,0,152,29.9,0,0,181.9,3,3,14,0,14,4.67,50.67,53.28,98.72,,
2025-03-01,TRUE,138.88,0,0,138.88,8.98,0,0,147.86,2,2,6,0,6,3,69.44,45.36,93.52,,
2025-03-02,FALSE,414,24.53,0,389.47,35.24,0,0,424.71,6,6,23,0,23,3.83,64.91,146.15,243.32,,
2025-03-02,TRUE,1041.83,64.24,0,977.59,158.92,0,0,1136.51,20,20,62,0,62,3.1,48.88,348.29,629.3,,
2025-03-03,FALSE,175,68.13,0,106.87,28.87,0,0,135.74,5,5,17,0,17,3.4,21.37,55.17,51.7,,
2025-03-03,TRUE,837.83,64,0,773.83,83.28,0,0,857.11,15,15,38,0,38,2.53,51.59,292.49,481.34,,
2025-03-04,FALSE,150.5,0,0,150.5,26.1,1.78,0,178.38,5,5,6,1,5,1.2,30.1,57.97,92.53,,
2025-03-04,TRUE,378.9,60,35,283.9,20.14,3.37,0,307.41,10,9,16,3,13,1.6,31.89,146.46,137.44,,
2025-03-05,FALSE,478.5,353.75,0,124.75,17.62,0,0,142.37,4,4,35,0,35,8.75,31.19,159.15,-34.4,,
2025-03-05,TRUE,490.53,0,0,490.53,35.79,0,0,526.32,7,7,17,0,17,2.43,70.08,202.35,288.18,,
2025-03-06,FALSE,142.5,17.63,0,124.87,27.84,0,0,152.71,3,3,13,0,13,4.33,41.62,47.28,77.59,,
2025-03-06,TRUE,1742.76,40.08,0,1702.68,172.37,0,0,1875.05,32,32,100,0,100,3.13,53.21,590.5,1112.18,,
2025-03-07,FALSE,248.5,0,0,248.5,26.5,0,0,275,4,4,18,0,18,4.5,62.13,79.9,168.6,,
2025-03-07,TRUE,584.88,28.88,0,556,86.03,0,0,642.03,12,10,19,0,19,1.58,46.33,204.16,351.84,,
2025-03-08,FALSE,138.7,17.83,0,120.87,19.2,0,0,140.07,3,3,10,0,10,3.33,40.29,60.38,60.49,,
2025-03-08,TRUE,589.7,14.88,0,574.82,52.47,0,0,627.29,10,10,27,0,27,2.7,57.48,234.5,340.32,,
2025-03-09,FALSE,47.5,9.5,0,38,10.39,0,0,48.39,1,1,1,0,1,1,38,15.16,22.84,,
2025-03-09,TRUE,76.5,0,0,76.5,19,0,0,95.5,4,3,6,0,6,1.5,19.13,26.27,50.23,,
2025-03-10,FALSE,163,7.5,0,155.5,38.63,0,0,194.13,4,4,10,0,10,2.5,38.88,63.4,92.1,,
2025-03-10,TRUE,482.9,13.2,0,469.7,53.29,0,0,522.99,8,7,27,0,27,3.38,58.71,164.97,304.73,,
2025-03-11,FALSE,662.5,1.25,0,661.25,22.62,1.31,0,685.18,9,9,26,0,26,2.89,73.47,211,450.25,,
2025-03-11,TRUE,604,31.83,0,572.17,96.59,0,0,668.76,19,18,38,0,38,2,30.11,192.89,379.28,,
2025-03-12,TRUE,561,0,0,561,28.08,0,0,589.08,8,8,28,0,28,3.5,70.13,215.98,345.02,,
2025-03-13,FALSE,50,5,0,45,8.81,0,0,53.81,1,1,5,0,5,5,45,15.71,29.29,,
2025-03-13,TRUE,22,8.8,0,13.2,8.87,0,0,22.07,3,3,3,0,3,1,4.4,9.71,3.49,,
2025-03-14,FALSE,124,0,0,124,20.08,0,0,144.08,3,3,10,0,10,3.33,41.33,33.04,90.96,,
2025-03-14,TRUE,444.7,23.8,0,420.9,40.83,2.22,0,463.95,9,8,21,0,21,2.33,46.77,158.26,262.64,,
2025-03-15,FALSE,59.5,1.25,0,58.25,19.67,0,0,77.92,2,2,4,0,4,2,29.13,21.17,37.08,,
2025-03-15,TRUE,372.5,19.63,0,352.87,45.45,0,0,398.32,7,7,17,0,17,2.43,50.41,132.42,220.45,,
2025-03-16,FALSE,89.5,2.2,0,87.3,9.94,0,0,97.24,2,2,8,0,8,4,43.65,33.83,53.47,,
2025-03-16,TRUE,211,10.13,0,200.87,17.62,0,0,218.49,3,3,6,0,6,2,66.96,75.29,125.58,,
2025-03-17,TRUE,552.4,27.41,0,524.99,23.8,0,0,548.79,7,7,12,0,12,1.71,75,228.75,296.24,,
2025-03-18,FALSE,127.5,6,0,121.5,8.9,0,0,130.4,2,2,13,0,13,6.5,60.75,43.65,77.85,,
2025-03-18,TRUE,566.7,20.58,0,546.12,34.92,0,0,581.04,9,9,29,0,29,3.22,60.68,216.38,329.74,,
2025-03-19,FALSE,82,0,0,82,28.51,0,0,110.51,3,3,5,0,5,1.67,27.33,29.04,52.96,,
2025-03-19,TRUE,167.5,28.5,0,139,34.13,0,0,173.13,4,4,11,0,11,2.75,34.75,54.13,84.87,,
2025-03-20,FALSE,75,5.63,0,69.37,19.88,0,0,89.25,2,2,2,0,2,1,34.69,22.83,46.54,,
2025-03-20,TRUE,313,10.8,0,302.2,0,0,0,302.2,4,4,14,0,14,3.5,75.55,109.27,192.93,,
2025-03-21,FALSE,184,17.18,0,166.82,38.14,0,0,204.96,4,4,16,0,16,4,41.71,66.94,99.88,,
2025-03-21,TRUE,580.41,30.2,0,550.21,75.61,0,0,625.82,12,12,24,0,24,2,45.85,203.45,346.76,,
2025-03-22,FALSE,97,3.75,0,93.25,24.63,0,0,117.88,3,3,6,0,6,2,31.08,32.7,60.55,,
2025-03-22,TRUE,843.83,3.75,0,840.08,101.59,0,0,941.67,16,16,34,0,34,2.13,52.51,291.12,548.96,,
2025-03-23,FALSE,154.5,0,0,154.5,17.47,0,0,171.97,3,3,4,0,4,1.33,51.5,51.61,102.89,,
2025-03-23,TRUE,458,0,0,458,24.76,0,0,482.76,7,7,20,0,20,2.86,65.43,163.41,294.59,,
2025-03-24,FALSE,241.5,14.85,0,226.65,30.76,0,0,257.41,6,6,22,0,22,3.67,37.78,79.8,146.85,,
2025-03-24,TRUE,714.25,27.3,0,686.95,54.14,0,0,741.09,12,12,27,0,27,2.25,57.25,258.01,428.94,,
2025-03-25,FALSE,238.5,13.5,0,225,18.78,0,0,243.78,4,4,20,0,20,5,56.25,88.06,136.94,,
2025-03-25,TRUE,442.21,25.17,0,417.04,45.88,0,0,462.92,10,10,25,0,25,2.5,41.7,173.32,243.72,,
2025-03-26,FALSE,306,13.38,0,292.62,35.7,0,0,328.32,6,6,22,0,22,3.67,48.77,106.95,185.67,,
2025-03-26,TRUE,501.63,2.5,0,499.13,27.16,0,0,526.29,8,8,13,0,13,1.63,62.39,171.13,328,,
2025-03-27,FALSE,154.5,12.3,0,142.2,30.33,0,0,172.53,5,5,14,0,14,2.8,28.44,53.73,88.47,,
2025-03-27,TRUE,373,2.2,0,370.8,58.27,0,0,429.07,11,5,14,0,14,1.27,33.71,136.45,234.35,,
2025-03-28,FALSE,455.5,15.52,0,439.98,16.7,0,0,456.68,11,11,34,0,34,3.09,40,155.9,284.08,,
2025-03-28,TRUE,2313.75,17,0,2296.75,37.14,0,0,2333.89,57,57,147,0,147,2.58,40.29,774.57,1522.18,,
2025-03-29,TRUE,253.5,21.9,0,231.6,44.18,0,0,275.78,5,5,17,0,17,3.4,46.32,90.55,141.05,,
2025-03-30,FALSE,100,0,0,100,0,0,0,100,1,1,4,0,4,4,100,31.97,68.03,,
2025-03-30,TRUE,653.5,44.96,0,608.54,83.73,0,0,692.27,13,13,37,0,37,2.85,46.81,217.78,390.76,,
2025-03-31,FALSE,125,5.63,0,119.37,27.68,0,0,147.05,3,3,8,0,8,2.67,39.79,38.64,80.73,,
2025-03-31,TRUE,1736.26,3.75,0,1732.51,362,0,0,2094.51,47,44,81,0,81,1.72,36.86,542.91,1189.6,,
2025-04-01,FALSE,37.5,5.63,0,31.87,8.21,0,0,40.08,1,1,1,0,1,1,31.87,11.34,20.53,,
2025-04-01,TRUE,748,24.45,0,723.55,101.65,0,0,825.2,17,17,37,0,37,2.18,42.56,261.85,461.7,,
2025-04-02,FALSE,358,42.88,0,315.12,30.08,0,0,345.2,6,6,26,0,26,4.33,52.52,127.18,187.94,,
2025-04-02,TRUE,926.7,175,22.5,729.2,87.34,0,0,816.54,19,19,68,1,67,3.58,39.56,320.84,408.36,,
2025-04-03,FALSE,75,5.63,0,69.37,19.78,0,0,89.15,2,2,5,0,5,2.5,34.69,14.95,54.42,,
2025-04-03,TRUE,620.05,2.5,0,617.55,85.83,0,0,703.38,15,15,46,0,46,3.07,41.17,216.46,401.09,,
2025-04-04,FALSE,142.5,0,0,142.5,0,0,0,142.5,2,2,9,0,9,4.5,71.25,46.23,96.27,,
2025-04-04,TRUE,1183.59,122.21,0,1061.38,194.77,1.67,0,1257.82,24,24,74,0,74,3.08,44.22,420.65,640.73,,
2025-04-05,FALSE,47.5,0,0,47.5,8.4,0,0,55.9,1,1,1,0,1,1,47.5,15.12,32.38,,
2025-04-05,TRUE,519.5,24.75,0,494.75,63.59,0,0,558.34,10,9,38,0,38,3.8,49.48,186.34,308.41,,
2025-04-06,FALSE,110,8.13,0,101.87,30.58,0,0,132.45,3,3,10,0,10,3.33,33.96,36.71,65.16,,
2025-04-06,TRUE,1628.43,197.18,0,1431.25,127.73,0,0,1558.98,24,24,84,0,84,3.5,59.64,604.51,826.74,,
2025-04-07,FALSE,287.2,82.46,0,204.74,20.69,0,0,225.43,4,4,24,0,24,6,51.18,115.22,89.52,,
2025-04-07,TRUE,1433.6,202.82,0,1230.78,73.49,0,0,1304.27,22,21,92,0,92,4.18,55.94,505.55,725.23,,
2025-04-08,FALSE,95.13,5.35,0,89.78,25.86,0,0,115.64,3,3,9,0,9,3,29.93,33.52,56.26,,
2025-04-08,TRUE,1226.2,178.34,0,1047.86,52.75,0,0,1100.61,16,16,114,0,114,7.13,65.49,449.69,598.17,,
2025-04-09,FALSE,117.5,1.88,0,115.62,17.16,0,0,132.78,3,3,11,0,11,3.67,38.54,40.1,75.52,,
2025-04-09,TRUE,449,21.48,66,361.52,104.39,0,0,465.91,15,15,30,4,26,2,28.5,115.57,245.95,,
2025-04-10,FALSE,131.5,9.38,0,122.12,36.14,0,0,158.26,4,4,10,0,10,2.5,30.53,49.54,72.58,,
2025-04-10,TRUE,960.2,93.71,0,866.49,111.32,0,0,977.81,24,23,54,0,54,2.25,36.1,355.35,511.14,,
2025-04-11,FALSE,59.5,7.05,0,52.45,15.83,0,0,68.28,2,2,2,0,2,1,26.23,21.05,31.4,,
2025-04-11,TRUE,279.2,5,0,274.2,27.65,1.7,0,303.55,6,6,13,0,13,2.17,45.7,105.96,168.24,,
2025-04-12,FALSE,113.5,7.13,0,106.37,8.53,0,0,114.9,2,2,6,0,6,3,53.19,45,61.37,,
2025-04-12,TRUE,220,4.75,0,215.25,20.81,0,0,236.06,4,4,10,0,10,2.5,53.81,84.81,130.44,,
2025-04-13,FALSE,100,0,0,100,26.28,0,0,126.28,3,3,6,0,6,2,33.33,32.39,67.61,,
2025-04-13,TRUE,229.2,0,0,229.2,24.5,0,0,253.7,4,4,6,0,6,1.5,57.3,88.31,140.89,,
2025-04-14,FALSE,325.2,12.68,0,312.52,28.11,0,0,340.63,6,6,16,0,16,2.67,52.09,128.77,183.75,,
2025-04-14,TRUE,439.4,56.41,0,382.99,36.89,0,0,419.88,7,6,12,0,12,1.71,54.71,194.74,188.25,,
2025-04-15,FALSE,166,53.75,0,112.25,25.93,0,0,138.18,5,5,14,0,14,2.8,22.45,65.12,47.13,,
2025-04-15,TRUE,295.13,129.75,0,165.38,34.87,0,0,200.25,6,6,16,0,16,2.67,27.56,94.85,70.53,,
2025-04-16,FALSE,160,4.1,0,155.9,45.96,0,0,201.86,4,4,12,0,12,3,38.98,56.96,98.94,,
2025-04-16,TRUE,97.5,0,0,97.5,8.34,0,0,105.84,7,4,8,0,8,1.14,13.93,32.48,65.02,,
2025-04-17,FALSE,37.5,0,25,12.5,8.21,0,0,20.71,27,27,29,2,27,1.07,1.39,3.38,9.12,,
2025-04-17,TRUE,259,26.28,0,232.72,50.95,0,0,283.67,12,12,21,0,21,1.75,19.39,94.51,138.21,,
2025-04-18,FALSE,122.5,17.28,0,105.22,15.52,0,0,120.74,3,3,4,0,4,1.33,35.07,52.4,52.82,,
2025-04-18,TRUE,152.26,0,0,152.26,24.26,0,0,176.52,4,4,9,0,9,2.25,38.07,48.01,104.25,,
2025-04-19,FALSE,75,5.63,0,69.37,19.31,0,0,88.68,2,2,2,0,2,1,34.69,24.36,45.01,,
2025-04-19,TRUE,542.63,8.93,0,533.7,72.37,0,0,606.07,12,12,23,0,23,1.92,44.48,189.93,343.77,,
2025-04-20,FALSE,0,0,0,0,0,0,0,0,1,1,1,0,1,1,0,,0,,
2025-04-20,TRUE,240,18.63,0,221.37,34.58,0,0,255.95,5,5,12,0,12,2.4,44.27,84.54,136.83,,
2025-04-21,FALSE,37.5,37.5,0,0,0,0,0,0,1,1,3,0,3,3,0,11.54,-11.54,,
2025-04-21,TRUE,292.5,0,0,292.5,16.1,0,0,308.6,5,5,15,0,15,3,58.5,97.7,194.8,,
2025-04-22,FALSE,178.2,22.44,0,155.76,6.52,0,0,162.28,2,2,2,0,2,1,77.88,87.39,68.37,,
2025-04-22,TRUE,421.9,62.5,0,359.4,32.01,0,0,391.41,8,7,23,0,23,2.88,44.93,182.35,177.05,,
2025-04-23,FALSE,37.5,3.75,0,33.75,12.16,0,0,45.91,1,1,4,0,4,4,33.75,11.83,21.92,,
2025-04-23,TRUE,393.5,16.65,0,376.85,52.02,0,0,428.87,7,7,24,0,24,3.43,53.84,150,226.85,,
2025-04-24,FALSE,164.5,5.63,0,158.87,23.18,0,0,182.05,5,5,16,0,16,3.2,31.77,56.77,102.1,,
2025-04-24,TRUE,227.13,12.55,0,214.58,31.84,0,0,246.42,5,5,12,0,12,2.4,42.92,59.29,155.29,,
2025-04-25,FALSE,322,13.2,0,308.8,19.48,0,0,328.28,9,9,27,0,27,3,34.31,105.65,203.15,,
2025-04-25,TRUE,1293.13,0,0,1293.13,55.64,0,0,1348.77,38,34,96,0,96,2.53,34.03,417.87,875.26,,
2025-04-26,FALSE,122.5,0,0,122.5,35.64,0,0,158.14,3,3,12,0,12,4,40.83,40.07,82.43,,
2025-04-26,TRUE,332.7,20.63,0,312.07,8.4,0,0,320.47,4,4,21,0,21,5.25,78.02,128.49,183.58,,
2025-04-27,FALSE,104.2,0,0,104.2,11.31,0,0,115.51,2,2,3,0,3,1.5,52.1,46.95,57.25,,
2025-04-27,TRUE,595.5,25.4,0,570.1,80.25,0,0,650.35,11,11,36,0,36,3.27,51.83,219.25,350.85,,
2025-04-28,FALSE,858,8.7,0,849.3,138.49,0,0,987.79,22,22,30,0,30,1.36,38.6,250.21,599.09,,
2025-04-28,TRUE,1135.83,13.15,0,1122.68,112.77,0,0,1235.45,22,22,54,0,54,2.45,51.03,379.12,743.56,,
2025-04-29,FALSE,179,15,0,164,16.93,0,0,180.93,3,3,15,0,15,5,54.67,57.36,106.64,,
2025-04-29,TRUE,232,4.35,0,227.65,30.48,0,0,258.13,5,5,9,0,9,1.8,45.53,79.51,148.14,,
2025-04-30,FALSE,116,15.95,0,100.05,22.63,0,0,122.68,3,3,3,0,3,1,33.35,33.52,66.53,,
2025-04-30,TRUE,390.33,8.8,66,315.53,43.41,0,0,358.94,9,8,13,1,12,1.44,42.39,157.7,157.83,,
2025-05-01,FALSE,601,51.23,29,520.77,62.09,0,0,582.86,12,12,31,1,30,2.58,45.81,169.44,351.33,,
2025-05-01,TRUE,730.9,5,0,725.9,109.63,0,0,835.53,18,18,44,0,44,2.44,40.33,271.19,454.71,,
2025-05-02,FALSE,305.5,7.78,0,297.72,48.69,0,0,346.41,7,7,18,0,18,2.57,42.53,97.01,200.71,,
2025-05-02,TRUE,760.7,57.33,0,703.37,67.13,0,0,770.5,13,12,26,0,26,2,54.11,258.3,445.07,,
2025-05-03,FALSE,91.5,11.43,0,80.07,30.08,0,0,110.15,3,3,7,0,7,2.33,26.69,27.67,52.4,,
2025-05-03,TRUE,298.13,6.3,0,291.83,45.04,0,0,336.87,6,6,12,0,12,2,48.64,79.14,212.69,,
2025-05-04,FALSE,410.5,17.4,0,393.1,42.15,0,0,435.25,8,8,9,0,9,1.13,49.14,121.62,271.48,,
2025-05-04,TRUE,379.63,19.3,0,360.33,46.57,0,0,406.9,6,6,20,0,20,3.33,60.06,137.85,222.48,,
2025-05-05,FALSE,187,68.13,0,118.87,27.22,0,0,146.09,5,5,12,0,12,2.4,23.77,56.94,61.93,,
2025-05-05,TRUE,267.5,10,0,257.5,47.51,0,0,305.01,7,7,15,0,15,2.14,36.79,88.76,168.74,,
2025-05-06,FALSE,661,48.61,0,612.39,93.19,0,0,705.58,12,12,27,0,27,2.25,51.03,198.5,413.89,,
2025-05-06,TRUE,942.13,41.03,0,901.1,66.5,0,0,967.6,22,20,51,0,51,2.32,40.96,314.23,586.87,,
2025-05-07,FALSE,240.5,17.4,0,223.1,25.41,0,0,248.51,4,4,4,0,4,1,55.78,70.21,152.89,,
2025-05-07,TRUE,902,185.63,0,716.37,125.97,0,0,842.34,21,9,34,0,34,1.62,34.11,245.45,470.92,,
2025-05-08,FALSE,852,98.53,0,753.47,68.28,0,0,821.75,7,7,37,0,37,5.29,107.64,318.78,434.69,,
2025-05-08,TRUE,501.5,97,0,404.5,56.77,0,0,461.27,10,7,23,0,23,2.3,40.45,176.74,227.76,,
2025-05-09,FALSE,216,9.15,0,206.85,21.51,0,0,228.36,4,4,12,0,12,3,51.71,66.32,140.53,,
2025-05-09,TRUE,468,307.5,0,160.5,29.56,0,0,190.06,5,5,18,0,18,3.6,32.1,173.29,-12.79,,
2025-05-10,FALSE,1215,4.15,0,1210.85,8.21,3,0,1222.06,45,3,56,0,56,1.24,26.91,176.33,1034.52,,
2025-05-10,TRUE,232.5,0,0,232.5,8.66,0,0,241.16,3,3,4,0,4,1.33,77.5,89.27,143.23,,
2025-05-11,FALSE,437,19.28,0,417.72,70.12,0,0,487.84,10,10,16,0,16,1.6,41.77,125.03,292.69,,
2025-05-11,TRUE,130.5,56.9,0,73.6,14.81,0,0,88.41,3,3,9,0,9,3,24.53,40.68,32.92,,
2025-05-12,FALSE,187,10.15,0,176.85,28.51,0,0,205.36,4,4,10,0,10,2.5,44.21,56.78,120.07,,
2025-05-12,TRUE,487.5,38.88,0,448.62,40.38,0,0,489,9,9,32,0,32,3.56,49.85,161.64,286.98,,
2025-05-13,FALSE,327.5,28.4,0,299.1,62.91,0,0,362.01,10,10,10,1,9,1,29.91,96.82,202.28,,
2025-05-13,TRUE,546.5,23.2,0,523.3,36.59,0,0,559.89,11,9,22,0,22,2,47.57,171.45,351.85,,
2025-05-14,FALSE,304.5,9.5,58,237,45.75,0,0,282.75,7,7,11,1,10,1.57,42.14,76,161,,
2025-05-14,TRUE,403,12.03,0,390.97,24.86,0,0,415.83,7,7,18,0,18,2.57,55.85,151.49,239.48,,
2025-05-15,FALSE,37.5,0,0,37.5,12,0,0,49.5,1,1,3,0,3,3,37.5,12.47,25.03,,
2025-05-15,TRUE,465.2,40.13,0,425.07,45.14,0,0,470.21,8,7,12,0,12,1.5,53.13,155.7,269.37,,
2025-05-16,FALSE,385.5,8.7,0,376.8,21.84,0,0,398.64,7,7,17,0,17,2.43,53.83,126.57,250.23,,
2025-05-16,TRUE,160,30.75,0,129.25,33.48,0,0,162.73,4,4,6,0,6,1.5,32.31,55.47,73.78,,
2025-05-17,FALSE,2289,20.88,0,2268.12,41.06,0,0,2309.18,95,9,136,0,136,1.43,23.87,783.03,1485.09,,
2025-05-17,TRUE,100,0,0,100,0,0,0,100,2,2,4,0,4,2,50,28.71,71.29,,
2025-05-18,FALSE,286,22.6,0,263.4,56.99,0,0,320.39,7,7,9,0,9,1.29,37.63,83.73,179.67,,
2025-05-18,TRUE,407.5,56,0,351.5,34.01,0,0,385.51,6,6,18,0,18,3,58.58,146.84,204.66,,
2025-05-19,FALSE,325.55,27.43,0,298.12,38.84,0,0,336.96,6,6,14,0,14,2.33,49.69,99.07,199.05,,
2025-05-19,TRUE,327,43.85,0,283.15,48.64,0,0,331.79,11,9,22,0,22,2,25.74,106.46,176.69,,
2025-05-20,FALSE,385.2,21.87,0,363.33,27.84,9.65,0,400.82,7,7,7,0,7,1,51.9,132.66,230.67,,
2025-05-20,TRUE,200,0,0,200,0,5.77,0,205.77,4,4,10,0,10,2.5,50,75.21,124.79,,
2025-05-21,FALSE,116,8.7,0,107.3,21.06,0,0,128.36,4,4,4,0,4,1,26.83,33.52,73.78,,
2025-05-21,TRUE,1783.5,255.2,0,1528.3,61.12,0,0,1589.42,26,24,68,0,68,2.62,58.78,596.12,932.18,,
2025-05-22,FALSE,543.7,104.02,25,414.68,36.86,0,0,451.54,11,11,31,1,30,2.82,39.97,171.08,243.6,,
2025-05-22,TRUE,1398,217.6,0,1180.4,38.66,7.5,0,1226.56,18,18,53,0,53,2.94,65.58,498.2,682.2,,
2025-05-23,FALSE,345.5,54.25,0,291.25,12.98,0,0,304.23,5,5,14,0,14,2.8,58.25,118.64,172.61,,
2025-05-23,TRUE,1510,300.55,0,1209.45,117.31,0,0,1326.76,24,24,88,0,88,3.67,50.39,489.18,720.27,,
2025-05-24,FALSE,2235.5,66.15,25,2144.35,33.13,0,0,2177.48,93,12,132,2,130,1.42,23.33,742.59,1401.76,,
2025-05-24,TRUE,1049.5,207.4,0,842.1,51.95,0,0,894.05,15,15,46,0,46,3.07,56.14,384.27,457.83,,
2025-05-25,FALSE,790,89.5,0,700.5,57.86,0,0,758.36,10,10,40,0,40,4,70.05,297.63,402.87,,
2025-05-25,TRUE,570.5,89,0,481.5,21.22,0,0,502.72,8,7,25,0,25,3.13,60.19,200.25,281.25,,
2025-05-26,FALSE,675,128.75,0,546.25,14.18,0,0,560.43,4,4,14,0,14,3.5,136.56,277.97,268.28,,
2025-05-26,TRUE,993.5,183,0,810.5,67.74,0,0,878.24,15,15,45,0,45,3,54.03,367.5,443,,
2025-05-27,FALSE,112.5,0,0,112.5,0,0,0,112.5,1,1,2,0,2,2,112.5,40.47,72.03,,
2025-05-27,TRUE,856.63,109,0,747.63,24.02,0,0,771.65,9,9,51,0,51,5.67,83.07,305.07,442.56,,
2025-05-28,FALSE,212,62.5,0,149.5,29.43,0,0,178.93,5,5,14,0,14,2.8,29.9,63.91,85.59,,
2025-05-28,TRUE,316.83,24.75,0,292.08,39.09,0,0,331.17,9,7,14,0,14,1.56,32.45,116.2,175.88,,
2025-05-29,FALSE,186.5,2.9,0,183.6,40.13,0,0,223.73,6,6,7,0,7,1.17,30.6,54.06,129.54,,
2025-05-29,TRUE,524.13,12.5,0,511.63,23.96,0,0,535.59,6,6,33,0,33,5.5,85.27,190.56,321.07,,
2025-05-30,FALSE,442,116.1,0,325.9,54.98,0,0,380.88,8,8,19,0,19,2.38,40.74,141.21,184.69,,
2025-05-30,TRUE,204.13,5,0,199.13,34.09,0,0,233.22,5,5,6,0,6,1.2,39.83,66.05,133.08,,
2025-05-31,FALSE,2045,33.53,12.5,1998.97,47.25,0,0,2046.22,95,10,125,1,124,1.32,21.17,700.73,1298.24,,
2025-05-31,TRUE,256.5,13.5,0,243,45.32,0,0,288.32,6,6,13,0,13,2.17,40.5,91.36,151.64,,
2025-06-01,FALSE,694.5,11.25,0,683.25,23.05,0,0,706.3,27,4,43,0,43,1.59,25.31,238.28,444.97,,
2025-06-01,TRUE,338.5,0,0,338.5,21.51,0,0,360.01,5,5,13,0,13,2.6,67.7,104.94,233.56,,
2025-06-02,FALSE,358,11.25,0,346.75,21.47,0,0,368.22,5,5,15,0,15,3,69.35,130.34,216.41,,
2025-06-02,TRUE,25,10,0,15,7.14,0,0,22.14,1,1,1,0,1,1,15,9.71,5.29,,
2025-06-03,FALSE,635.5,41.05,0,594.45,116.03,0,0,710.48,15,15,19,0,19,1.27,39.63,190.64,403.81,,
2025-06-03,TRUE,290.63,7.5,0,283.13,42.63,0,0,325.76,6,6,14,0,14,2.33,47.19,101.59,181.54,,
2025-06-04,FALSE,808.5,25.5,0,783,141.04,0,0,924.04,21,21,28,0,28,1.33,37.29,236.82,546.18,,
2025-06-04,TRUE,240.5,0,0,240.5,16.61,0,0,257.11,5,5,9,0,9,1.8,48.1,91.65,148.85,,
2025-06-05,FALSE,261,8.7,0,252.3,54.56,0,0,306.86,8,8,8,0,8,1,31.54,75.42,176.88,,
2025-06-05,TRUE,1100.75,318.5,0,782.25,61.99,0,0,844.24,15,15,47,0,47,3.13,52.15,370.59,411.66,,
2025-06-06,FALSE,320.55,17.05,0,303.5,54.13,0,0,357.63,9,9,13,0,13,1.44,33.72,85.64,217.86,,
2025-06-06,TRUE,228.63,0,0,228.63,16.87,0,0,245.5,3,3,6,0,6,2,76.21,86.93,141.7,,
2025-06-07,FALSE,1882.5,20.35,0,1862.15,37.06,0,0,1899.21,82,6,106,0,106,1.29,22.71,652.37,1209.78,,
2025-06-07,TRUE,165,2.5,0,162.5,0,0,0,162.5,4,4,6,0,6,1.5,40.63,56.24,106.26,,
2025-06-08,FALSE,1032,21.38,12.5,998.12,53.18,0,0,1051.3,42,9,55,1,54,1.31,24.06,353.23,644.89,,
2025-06-08,TRUE,457.13,7.5,0,449.63,36.27,0,0,485.9,7,6,22,0,22,3.14,64.23,170.46,279.17,,
2025-06-09,FALSE,385.5,25.6,0,359.9,49.84,0,0,409.74,9,9,13,0,13,1.44,39.99,126.34,233.56,,
2025-06-09,TRUE,625.5,28.3,0,597.2,25.02,0,0,622.22,8,8,18,0,18,2.25,74.65,197.15,400.05,,
2025-06-10,FALSE,348,23.55,0,324.45,16.88,3.88,0,345.21,4,4,5,0,5,1.25,81.11,132.77,191.68,,
2025-06-10,TRUE,375.5,5.8,0,369.7,28.86,5.77,0,404.33,6,5,16,0,16,2.67,61.62,130.38,239.32,,
2025-06-11,FALSE,290.5,14.5,0,276,38.42,0,0,314.42,7,7,12,0,12,1.71,39.43,90.02,185.98,,
2025-06-11,TRUE,265,67.5,0,197.5,27.21,0,0,224.71,12,10,23,0,23,1.92,16.46,94.19,103.31,,
2025-06-12,FALSE,153.5,7.25,0,146.25,19.98,0,0,166.23,4,4,7,0,7,1.75,36.56,45.49,100.76,,
2025-06-12,TRUE,563.38,0,0,563.38,63.37,0,0,626.75,9,9,35,0,35,3.89,62.6,218.66,344.72,,
2025-06-13,FALSE,95.5,8.7,0,86.8,16.68,0,0,103.48,2,2,3,0,3,1.5,43.4,30.95,55.85,,
2025-06-13,TRUE,155,0,0,155,18.45,0,0,173.45,3,3,13,0,13,4.33,51.67,56.52,98.48,,
2025-06-14,FALSE,1457.5,0,0,1457.5,13.41,0,0,1470.91,69,7,86,0,86,1.25,21.12,489.1,968.4,,
2025-06-14,TRUE,170.5,2.5,0,168,24.31,0,0,192.31,4,4,6,0,6,1.5,42,51.37,116.63,,
2025-06-15,FALSE,701,10.55,0,690.45,38.7,0,0,729.15,33,6,43,0,43,1.3,20.92,234.65,455.8,,
2025-06-15,TRUE,185.45,34,0,151.45,31.01,0,0,182.46,7,7,9,0,9,1.29,21.64,70.03,81.42,,
2025-06-16,FALSE,197.55,16.59,0,180.96,37.86,0,0,218.82,6,6,8,0,8,1.33,30.16,57.86,123.1,,
2025-06-16,TRUE,194,0,0,194,0,0,0,194,6,3,21,2,19,3.5,32.33,64.75,129.25,,
2025-06-17,FALSE,66.5,0,0,66.5,15.15,0,0,81.65,2,2,5,0,5,2.5,33.25,20.12,46.38,,
2025-06-17,TRUE,504.39,53,0,451.39,32.56,0,0,483.95,7,7,15,0,15,2.14,64.48,190.82,260.57,,
2025-06-18,FALSE,232,10.15,0,221.85,42.83,0,0,264.68,6,6,6,0,6,1,36.98,67.04,154.81,,
2025-06-18,TRUE,185,0,0,185,9.67,0,0,194.67,3,3,16,0,16,5.33,61.67,63.15,121.85,,
2025-06-19,FALSE,456,53.05,0,402.95,46.17,0,0,449.12,7,7,9,0,9,1.29,57.56,135.15,267.8,,
2025-06-19,TRUE,127.55,15.63,0,111.92,31.76,0,0,143.68,4,4,10,0,10,2.5,27.98,42.08,69.84,,
2025-06-20,FALSE,351.5,3.75,0,347.75,8.53,0,0,356.28,6,6,12,0,12,2,57.96,111.67,236.08,,
2025-06-20,TRUE,2638.5,81.63,0,2556.87,49.95,0,0,2606.82,55,54,144,0,144,2.62,46.49,929.12,1627.75,,
2025-06-21,FALSE,1837,6.85,25,1805.15,31.53,0,0,1836.68,81,6,111,2,109,1.37,22.59,634.64,1170.51,,
2025-06-21,TRUE,410,5,0,405,31,0,0,436,8,8,16,0,16,2,50.63,148.36,256.64,,
2025-06-22,FALSE,824.25,10.69,0,813.56,35.94,0,0,849.5,34,6,40,0,40,1.18,23.93,282.98,530.58,,
2025-06-22,TRUE,270,20,0,250,33.97,0,0,283.97,5,5,9,0,9,1.8,50,86.9,163.1,,
2025-06-23,FALSE,511.5,13.3,0,498.2,69.53,0,0,567.73,11,11,24,0,24,2.18,45.29,170.69,327.51,,
2025-06-23,TRUE,431.63,0,0,431.63,23.7,0,0,455.33,9,8,22,0,22,2.44,47.96,145.33,286.3,,
2025-06-24,FALSE,1143.05,141.75,0,1001.3,37.64,0,0,1038.94,6,6,21,0,21,3.5,166.88,424.16,577.14,,
2025-06-24,TRUE,390,32.4,0,357.6,24.63,0,0,382.23,5,5,15,0,15,3,71.52,139.21,218.39,,
2025-06-25,FALSE,490.5,14.33,0,476.17,33.82,0,0,509.99,9,9,27,0,27,3,52.91,156.39,319.78,,
2025-06-25,TRUE,438.5,20.25,0,418.25,30.1,0,0,448.35,8,8,16,0,16,2,52.28,148.05,270.2,,
2025-06-26,FALSE,632,34.28,0,597.72,90.77,0,0,688.49,15,15,26,0,26,1.73,39.85,215.51,382.21,,
2025-06-26,TRUE,336.73,12.5,0,324.23,67.32,0,0,391.55,17,11,19,0,19,1.12,19.07,88.2,236.03,,
2025-06-27,FALSE,96.5,4.35,12.5,79.65,6.71,0,0,86.36,2,2,8,1,7,4,46.08,28.72,50.93,,
2025-06-27,TRUE,935,41.75,37.5,855.75,74.63,0,0,930.38,16,16,38,3,35,2.38,55.83,293.47,562.28,,
2025-06-28,FALSE,1422,12.9,0,1409.1,38.53,0,0,1447.63,55,6,81,0,81,1.47,25.62,509.41,899.69,,
2025-06-28,TRUE,25,0,0,25,6.41,0,0,31.41,1,1,1,0,1,1,25,9.71,15.29,,
2025-06-29,FALSE,453,27.03,0,425.97,42.07,0,0,468.04,10,9,17,0,17,1.7,42.6,144.6,281.37,,
2025-06-29,TRUE,1632.4,59.49,0,1572.91,107.83,0,0,1680.74,22,22,66,0,66,3,71.5,567.22,1005.69,,
2025-06-30,FALSE,276.13,2.9,0,273.23,36.27,0,0,309.5,6,6,9,0,9,1.5,45.54,81.66,191.57,,
2025-06-30,TRUE,475.13,120.3,0,354.83,45.42,0,0,400.25,11,11,22,0,22,2,32.26,144.64,210.19,,
2025-07-01,FALSE,278.5,9.95,0,268.55,25.73,0,0,294.28,5,5,12,0,12,2.4,53.71,95.64,172.91,,
2025-07-01,TRUE,160,18.5,0,141.5,8.21,0,0,149.71,4,3,6,0,6,1.5,35.38,51.94,89.56,,
2025-07-02,FALSE,249,20.3,0,228.7,26.05,0,0,254.75,4,4,5,0,5,1.25,57.18,73.2,155.5,,
2025-07-02,TRUE,1464.13,222.25,0,1241.88,131.52,0,0,1373.4,22,21,75,0,75,3.41,56.45,501.78,740.1,,
2025-07-03,FALSE,987.5,8.75,0,978.75,30.96,0,0,1009.71,42,15,63,0,63,1.5,23.3,343.3,635.45,,
2025-07-03,TRUE,882.81,93.38,75,714.43,64.84,0,0,779.27,16,15,34,1,33,2.13,49.34,322.82,391.61,,
2025-07-04,FALSE,228.5,10.4,0,218.1,41.31,0,0,259.41,5,5,6,0,6,1.2,43.62,68.98,149.12,,
2025-07-04,TRUE,742,92.23,0,649.77,39.6,0,0,689.37,9,9,22,0,22,2.44,72.2,257.66,392.11,,
2025-07-05,FALSE,1352,18.15,0,1333.85,48.94,0,0,1382.79,57,9,83,0,83,1.46,23.4,478.98,854.87,,
2025-07-05,TRUE,830.5,107.98,0,722.52,50.28,0,0,772.8,9,9,37,0,37,4.11,80.28,294.59,427.93,,
2025-07-06,FALSE,954.5,34.08,0,920.42,48.8,0,0,969.22,34,8,48,0,48,1.41,27.07,322.42,598,,
2025-07-06,TRUE,1116,104.53,0,1011.47,123.99,0,0,1135.46,17,17,73,0,73,4.29,59.5,384.48,626.99,,
2025-07-07,FALSE,228,17,0,211,37.87,0,0,248.87,5,5,6,0,6,1.2,42.2,66.16,144.84,,
2025-07-07,TRUE,562.2,0,0,562.2,16.52,0,0,578.72,7,7,10,0,10,1.43,80.31,167.08,395.12,,
2025-07-08,FALSE,592.5,393.13,0,199.37,39.52,0,0,238.89,6,6,40,0,40,6.67,33.23,181.26,18.11,,
2025-07-08,TRUE,152.5,0,0,152.5,0,0,0,152.5,2,2,4,0,4,2,76.25,58.15,94.35,,
2025-07-09,FALSE,356.5,2.9,0,353.6,25.3,0,0,378.9,5,5,11,0,11,2.2,70.72,104.29,249.31,,
2025-07-09,TRUE,198,5,0,193,13.71,0,0,206.71,4,4,9,0,9,2.25,48.25,62.99,130.01,,
2025-07-10,FALSE,215.5,0,0,215.5,31.5,0,0,247,5,5,6,0,6,1.2,43.1,62.63,152.87,,
2025-07-10,TRUE,423.7,17.77,0,405.93,41.09,0,0,447.02,11,10,22,1,21,2,36.9,132.86,273.07,,
2025-07-11,FALSE,273.5,79.5,0,194,29.72,0,0,223.72,6,6,8,0,8,1.33,32.33,93.74,100.26,,
2025-07-11,TRUE,1125.74,79.53,0,1046.21,149.24,0,0,1195.45,22,22,33,0,33,1.5,47.55,388.97,657.24,,
2025-07-12,FALSE,1624.5,17.25,100,1507.25,8.21,0,0,1515.46,69,1,88,4,84,1.28,23.29,533.48,973.77,,
2025-07-12,TRUE,302.5,12,0,290.5,10.8,0,0,301.3,5,5,14,0,14,2.8,58.1,102.34,188.16,,
2025-07-13,FALSE,851.63,0,0,851.63,8.21,0,0,859.84,43,2,63,0,63,1.47,19.81,283.58,568.05,,
2025-07-13,TRUE,274.9,9.75,64.13,201.02,50.67,0.31,0,252,11,10,19,1,18,1.73,24.1,67.87,133.15,,
2025-07-14,FALSE,141.5,2.9,0,138.6,17.87,0,0,156.47,3,3,9,0,9,3,46.2,43.1,95.5,,
2025-07-14,TRUE,974.01,15.75,0,958.26,90.44,0,0,1048.7,18,18,47,0,47,2.61,53.24,322.94,635.32,,
2025-07-15,FALSE,219,5.63,0,213.37,34.95,0,0,248.32,5,5,18,0,18,3.6,42.67,72.41,140.96,,
2025-07-15,TRUE,526,27.63,0,498.37,67.37,0,0,565.74,11,11,30,0,30,2.73,45.31,168.89,329.48,,
2025-07-16,FALSE,339.5,10.13,0,329.37,38.97,0,0,368.34,7,7,19,0,19,2.71,47.05,122.37,207,,
2025-07-16,TRUE,346.26,22.25,0,324.01,35,0,0,359.01,7,7,15,0,15,2.14,46.29,120.93,203.08,,
2025-07-17,FALSE,1593,50,0,1543,23.43,0,0,1566.43,55,23,88,0,88,1.6,28.05,587.23,955.77,,
2025-07-17,TRUE,1071.05,14.95,37.5,1018.6,67.23,0,0,1085.83,23,19,46,3,43,2,45.92,352.15,666.45,,
2025-07-18,FALSE,112.5,7.5,0,105,16.09,0,0,121.09,2,2,5,0,5,2.5,52.5,40.61,64.39,,
2025-07-18,TRUE,252.63,19,0,233.63,32.56,0,0,266.19,5,5,12,0,12,2.4,46.73,88.1,145.53,,
2025-07-19,FALSE,2276,2.9,0,2273.1,37.38,0,0,2310.48,95,9,129,0,129,1.36,23.93,798.69,1474.41,,
2025-07-19,TRUE,400,5,0,395,8.21,0,0,403.21,5,5,13,0,13,2.6,79,136.39,258.61,,
2025-07-20,FALSE,1130.5,33.18,0,1097.32,53.14,0,0,1150.46,39,11,64,0,64,1.64,28.14,380.51,716.81,,
2025-07-20,TRUE,613.2,11.88,0,601.32,41.63,0,0,642.95,12,10,31,0,31,2.58,50.11,194.18,407.14,,
2025-07-21,FALSE,807.98,312.63,0,495.35,41.66,0,0,537.01,10,10,66,0,66,6.6,49.54,303.07,192.28,,
2025-07-21,TRUE,1419.5,26.53,0,1392.97,140.77,0,0,1533.74,30,29,70,0,70,2.33,46.43,458.8,934.17,,
2025-07-22,FALSE,434.34,20,0,414.34,20.72,0,0,435.06,4,4,51,0,51,12.75,103.58,219.39,194.95,,
2025-07-22,TRUE,478,13.7,0,464.3,53.92,0,0,518.22,10,9,21,0,21,2.1,46.43,151.75,312.55,,
2025-07-23,FALSE,1319.64,131.72,0,1187.92,19.68,0,0,1207.6,9,10,175,0,175,19.44,131.99,707.41,480.51,,
2025-07-23,TRUE,302.7,5,37.5,260.2,15.42,0,0,275.62,9,9,17,2,15,1.89,33.08,92.45,167.75,,
2025-07-24,FALSE,1640.33,29.19,0,1611.14,0,0,0,1611.14,49,8,166,0,166,3.39,32.88,735.07,876.07,,
2025-07-24,TRUE,162.5,7.5,0,155,10.24,0,0,165.24,4,4,8,0,8,2,38.75,58.36,96.64,,
2025-07-25,FALSE,219.04,0,0,219.04,0,0,0,219.04,2,2,21,0,21,10.5,109.52,105.4,113.64,,
2025-07-25,TRUE,326.2,0,0,326.2,25.14,0,0,351.34,5,5,23,0,23,4.6,65.24,141.75,184.45,,
2025-07-26,FALSE,1435,10,0,1425,7.28,0,0,1432.28,68,4,88,0,88,1.29,20.96,498.21,926.79,,
2025-07-26,TRUE,399.63,0,0,399.63,34.58,0,0,434.21,8,7,19,0,19,2.38,49.95,136.61,263.02,,
2025-07-27,FALSE,541.5,0,0,541.5,6.74,0,0,548.24,28,1,37,0,37,1.32,19.34,180.04,361.46,,
2025-07-27,TRUE,857.13,4.75,0,852.38,64.71,0,0,917.09,20,16,57,0,57,2.85,42.62,293.6,558.78,,
2025-07-28,FALSE,195.5,99.1,0,96.4,24.95,0,0,121.35,5,5,15,0,15,3,19.28,70.99,25.41,,
2025-07-28,TRUE,568.13,28.65,0,539.48,50.84,0,0,590.32,8,8,14,0,14,1.75,67.44,209.97,329.51,,
2025-07-29,FALSE,610.88,20.52,0,590.36,35.82,0,0,626.18,6,6,77,0,77,12.83,98.39,313.5,276.86,,
2025-07-29,TRUE,829.97,15,0,814.97,35.19,0,0,850.16,16,14,81,2,79,5.06,50.94,300.39,514.58,,
2025-07-30,FALSE,130.5,58.75,0,71.75,15.11,0,0,86.86,3,3,8,0,8,2.67,23.92,36.51,35.24,,
2025-07-30,TRUE,307.7,13.75,0,293.95,68.71,0,0,362.66,9,9,18,0,18,2,32.66,104.87,189.08,,
2025-07-31,FALSE,1141.5,2.9,0,1138.6,6.58,0,0,1145.18,46,19,75,0,75,1.63,24.75,385.38,753.22,,
2025-07-31,TRUE,2399.09,18.25,0,2380.84,21.56,0,0,2402.4,41,41,141,0,141,3.44,58.07,659.66,1721.18,,
2025-08-01,FALSE,286.5,18.97,0,267.53,31.53,0,0,299.06,4,4,15,0,15,3.75,66.88,104.81,162.72,,
2025-08-01,TRUE,631.8,10,0,621.8,39.07,0,0,660.87,9,9,33,0,33,3.67,69.09,252.43,369.37,,
2025-08-02,FALSE,1217.5,6.25,0,1211.25,17.58,0,0,1228.83,60,2,79,0,79,1.32,20.19,412.79,798.46,,
2025-08-02,TRUE,406.5,5,0,401.5,22,0,0,423.5,6,6,24,0,24,4,66.92,152.79,248.71,,
2025-08-03,FALSE,880.5,23,0,857.5,16.61,3.66,0,877.77,31,5,44,0,44,1.42,27.66,324.27,533.23,,
2025-08-03,TRUE,441.96,2.5,0,439.46,54.11,0,0,493.57,8,8,22,0,22,2.75,54.93,145.17,294.29,,
2025-08-04,FALSE,435,29.75,0,405.25,23.92,0,0,429.17,4,4,28,0,28,7,101.31,137.49,267.76,,
2025-08-04,TRUE,532,13.5,0,518.5,48,0,0,566.5,7,7,26,0,26,3.71,74.07,191.38,327.12,,
2025-08-05,FALSE,97.5,5,0,92.5,21.6,0,0,114.1,2,2,9,0,9,4.5,46.25,31.14,61.36,,
2025-08-05,TRUE,655.5,321.25,0,334.25,34.63,0,0,368.88,8,8,39,0,39,4.88,41.78,212.97,121.28,,
2025-08-06,TRUE,814.77,46.25,8.7,759.82,69.14,0,0,828.96,14,13,32,0,32,2.29,54.89,273.94,485.88,,
2025-08-07,FALSE,1513,32.45,0,1480.55,25.6,0,0,1506.15,57,24,83,0,83,1.46,25.97,541.97,938.58,,
2025-08-07,TRUE,226.5,14.35,0,212.15,6.58,0,0,218.73,11,7,21,1,20,1.91,19.29,92.84,119.31,,
2025-08-08,FALSE,37.5,37.5,0,0,0,0,0,0,1,1,3,0,3,3,0,11.42,-11.42,,
2025-08-08,TRUE,314,4.75,0,309.25,41.49,0,0,350.74,9,9,24,0,24,2.67,34.36,103.47,205.78,,
2025-08-09,FALSE,1428,36.97,12.5,1378.53,15.01,0,0,1393.54,66,4,94,1,93,1.42,21.08,479.62,898.91,,
2025-08-09,TRUE,91.5,0,0,91.5,7.34,0,0,98.84,2,2,5,0,5,2.5,45.75,30.83,60.67,,
2025-08-10,FALSE,725,11.5,0,713.5,7.28,0,0,720.78,31,1,44,0,44,1.42,23.02,250.6,462.9,,
2025-08-10,TRUE,492.11,0,0,492.11,31.6,0,0,523.71,6,6,23,0,23,3.83,82.02,205.65,286.46,,
2025-08-11,FALSE,106.13,5.34,0,100.79,8.21,0,0,109,2,2,3,0,3,1.5,50.39,32.44,68.35,,
2025-08-11,TRUE,464.04,19.67,12.5,431.87,39.97,0,0,471.84,9,9,19,0,19,2.11,49.37,147.87,284,,
2025-08-12,FALSE,87,8.7,0,78.3,18.2,0,0,96.5,2,2,2,0,2,1,39.15,25.14,53.16,,
2025-08-12,TRUE,315.5,19.57,0,295.93,21.47,0,0,317.4,4,4,12,0,12,3,73.98,117.28,178.65,,
2025-08-13,FALSE,220.5,4.75,0,215.75,8.4,0,0,224.15,3,3,11,0,11,3.67,71.92,66.31,149.44,,
2025-08-13,TRUE,387.13,0,0,387.13,29.29,0,0,416.42,10,8,23,0,23,2.3,38.71,136.77,250.36,,
2025-08-14,FALSE,919,10,0,909,16.25,0,0,925.25,43,15,54,0,54,1.26,21.14,300.02,608.98,,
2025-08-14,TRUE,115.05,0,150.48,-35.43,4.6,0,0,-30.83,4,4,6,2,4,1.5,28.76,-41.97,6.54,,
2025-08-15,FALSE,47.5,9.5,0,38,8.4,0,0,46.4,1,1,5,0,5,5,38,14.84,23.16,,
2025-08-15,TRUE,85,5.62,0,79.38,16.93,0,0,96.31,5,4,5,1,4,1,15.88,24.34,55.04,,
2025-08-16,FALSE,1700,47.25,0,1652.75,15.3,0,0,1668.05,72,23,101,0,101,1.4,22.95,537.65,1115.1,,
2025-08-16,TRUE,620.39,22.5,0,597.89,59.82,0,0,657.71,13,13,30,0,30,2.31,45.99,219.6,378.29,,
2025-08-17,FALSE,137,4.35,0,132.65,28.17,0,0,160.82,4,4,5,0,5,1.25,33.16,45.26,87.39,,
2025-08-17,TRUE,338.7,11.25,0,327.45,24.74,0,0,352.19,4,4,10,0,10,2.5,81.86,107.65,219.8,,
2025-08-18,FALSE,99.5,21.2,0,78.3,19.02,0,0,97.32,3,3,3,0,3,1,26.1,28.92,49.38,,
2025-08-18,TRUE,105,5,0,100,13.3,0,0,113.3,4,4,10,0,10,2.5,25,37.29,62.71,,
2025-08-19,FALSE,162,19.95,0,142.05,17.35,0,0,159.4,2,2,6,0,6,3,71.03,54.27,87.78,,
2025-08-19,TRUE,427.13,27.65,0,399.48,45.3,0,0,444.78,6,6,18,0,18,3,66.58,151.64,247.84,,
2025-08-20,FALSE,250.5,8.1,25,217.4,39.43,0,0,256.83,6,6,15,2,13,2.5,40.4,77.43,139.97,,
2025-08-20,TRUE,183,25.12,37.5,120.38,29.93,4.62,0,154.93,11,7,14,1,13,1.27,14.35,49.76,70.62,,
2025-08-21,FALSE,1070,48.75,0,1021.25,22.03,0,0,1043.28,39,19,58,0,58,1.49,26.19,333.6,687.65,,
2025-08-21,TRUE,357,20,0,337,0,0,0,337,13,11,26,0,26,2,25.92,109.51,227.49,,
2025-08-22,FALSE,134.5,0,0,134.5,23.22,0,0,157.72,3,3,7,0,7,2.33,44.83,40.82,93.68,,
2025-08-22,TRUE,128.27,9.5,0,118.77,26.97,0,0,145.74,3,3,9,0,9,3,39.59,43.6,75.17,,
2025-08-23,FALSE,2016.5,200.75,49.17,1766.58,58.83,0,0,1825.41,74,9,104,0,104,1.41,24.54,639,1127.58,,
2025-08-23,TRUE,183.5,36.7,0,146.8,21.47,0,0,168.27,2,2,8,0,8,4,73.4,57.04,89.76,,
2025-08-24,FALSE,807,38.37,0,768.63,64.3,0,0,832.93,31,9,50,0,50,1.61,24.79,280.3,488.33,,
2025-08-24,TRUE,948.76,129.1,0,819.66,108.49,0,0,928.15,15,15,55,0,55,3.67,54.64,340.12,479.54,,
2025-08-25,FALSE,71.88,9,0,62.88,13.9,0,0,76.78,1,1,3,0,3,3,62.88,23.15,39.73,,
2025-08-25,TRUE,486.63,28.5,0,458.13,33.95,0,0,492.08,7,7,28,0,28,4,65.45,177.72,280.41,,
2025-08-26,FALSE,320,52,0,268,32.45,0,0,300.45,7,7,11,0,11,1.57,38.29,82.25,185.75,,
2025-08-26,TRUE,1113.09,166.36,0,946.73,146.5,0,0,1093.23,21,20,66,0,66,3.14,45.08,407.63,539.1,,
2025-08-27,FALSE,153,19,0,134,16.54,0,0,150.54,2,2,6,0,6,3,67,55.72,78.28,,
2025-08-27,TRUE,1819.26,299.9,0,1519.36,159.61,0,0,1678.97,20,20,90,0,90,4.5,75.97,693.55,825.81,,
2025-08-28,FALSE,1207.5,100.72,0,1106.78,26.65,0,0,1133.43,44,21,64,0,64,1.45,25.15,399.26,707.52,,
2025-08-28,TRUE,1075.31,159,0,916.31,75.56,0,0,991.87,17,17,68,0,68,4,53.9,384.19,532.12,,
2025-08-29,FALSE,170.5,26.6,0,143.9,16.87,0,0,160.77,3,3,7,0,7,2.33,47.97,57.23,86.67,,
2025-08-29,TRUE,711.5,113.28,6.5,591.72,104.41,0,0,696.13,14,13,51,0,51,3.64,42.73,234.2,357.52,,
2025-08-30,FALSE,1332,46.95,0,1285.05,28.98,0,0,1314.03,54,4,78,0,78,1.44,23.8,457.09,827.96,,
2025-08-30,TRUE,260.5,33.75,0,226.75,33.5,0,0,260.25,3,3,15,0,15,5,75.58,99.68,127.07,,
2025-08-31,FALSE,284.13,8.7,0,275.43,48.13,0,0,323.56,6,6,16,0,16,2.67,45.91,91.22,184.21,,
2025-08-31,TRUE,581.96,12.74,0,569.22,70.83,0,0,640.05,10,10,25,0,25,2.5,56.92,191.67,377.55,,
2025-09-01,FALSE,383.81,16.44,0,367.37,45.78,0,0,413.15,6,6,23,0,23,3.83,61.23,134.02,233.35,,
2025-09-01,TRUE,883.63,126.08,0,757.55,129.64,0,0,887.19,16,16,64,0,64,4,47.35,299.82,457.73,,
2025-09-02,FALSE,490.2,56.4,0,433.8,30.69,0,0,464.49,7,7,18,0,18,2.57,61.97,166.62,267.18,,
2025-09-02,TRUE,368.5,30.32,0,338.18,27.14,0,0,365.32,8,6,16,0,16,2,42.27,126.08,212.1,,
2025-09-03,FALSE,276.5,63.3,0,213.2,59.54,0,0,272.74,7,7,20,0,20,2.86,30.46,87.4,125.8,,
2025-09-03,TRUE,258.75,0,0,258.75,8.21,0,0,266.96,3,3,9,0,9,3,86.25,99.36,159.39,,
2025-09-04,FALSE,151.5,32.5,0,119,23.19,0,0,142.19,4,4,7,0,7,1.75,29.75,50.67,68.33,,
2025-09-04,TRUE,135.64,0,0,135.64,19.88,0,0,155.52,3,3,12,0,12,4,45.21,44.34,91.3,,
2025-09-05,FALSE,153.13,0,0,153.13,0,0,0,153.13,2,2,10,0,10,5,76.57,53.33,99.8,,
2025-09-05,TRUE,890.76,14.5,0,876.26,101.97,0,0,978.23,18,18,42,0,42,2.33,48.68,283.74,592.52,,
2025-09-06,FALSE,680,32.5,0,647.5,7.28,0,0,654.78,29,2,40,0,40,1.38,22.33,247.96,399.54,,
2025-09-06,TRUE,624.63,0,0,624.63,46.12,0,0,670.75,10,10,26,0,26,2.6,62.46,203.49,421.14,,
2025-09-07,FALSE,189.5,13.5,0,176,34.92,0,0,210.92,5,5,5,0,5,1,35.2,67.79,108.21,,
2025-09-07,TRUE,187.38,0,0,187.38,8.53,0,0,195.91,4,4,11,0,11,2.75,46.85,59.7,127.68,,
2025-09-08,FALSE,674.5,33.02,11.87,629.61,43.1,0,0,672.71,9,9,25,0,25,2.78,71.28,240.86,388.75,,
2025-09-08,TRUE,1422.13,44.5,0,1377.63,128.64,0,0,1506.27,31,27,81,1,80,2.61,44.44,493.21,884.42,,
2025-09-09,FALSE,262,9.55,0,252.45,31.97,0,0,284.42,5,5,14,0,14,2.8,50.49,85.57,166.88,,
2025-09-09,TRUE,1190.39,67.75,0,1122.64,156.98,0,0,1279.62,19,19,44,0,44,2.32,59.09,423.48,699.16,,
2025-09-10,FALSE,29,2.9,0,26.1,10.39,0,0,36.49,1,1,1,0,1,1,26.1,8.38,17.72,,
2025-09-10,TRUE,180.13,17.4,23.76,138.97,27.08,0,0,166.05,3,3,3,2,1,1,54.24,24.84,114.13,,
2025-09-11,FALSE,225,45,0,180,10.34,0,0,190.34,4,4,19,0,19,4.75,45,73.26,106.74,,
2025-09-11,TRUE,1019.05,54,62.5,902.55,60.91,0,0,963.46,22,19,63,5,58,2.86,43.87,281.37,621.18,,
2025-09-12,FALSE,164,6.65,0,157.35,30.72,0,0,188.07,4,4,14,0,14,3.5,39.34,46.82,110.53,,
2025-09-12,TRUE,640.5,0,0,640.5,72.24,0,0,712.74,14,14,51,0,51,3.64,45.75,110.26,530.24,,
2025-09-13,FALSE,566.5,30,0,536.5,8.68,0,0,545.18,26,1,34,0,34,1.31,20.63,196.83,339.67,,
2025-09-13,TRUE,407.5,12.5,0,395,64.39,0,0,459.39,9,9,23,0,23,2.56,43.89,117.31,277.69,,
2025-09-14,FALSE,925,75,0,850,8.81,0,0,858.81,37,1,51,0,51,1.38,22.97,336.36,513.64,,
2025-09-14,TRUE,510.2,7.12,0,503.08,64.34,0,0,567.42,9,9,32,0,32,3.56,55.9,96.85,406.23,,
2025-09-15,FALSE,58,0,0,58,8.72,0,0,66.72,1,1,1,0,1,1,58,16.76,41.24,,
2025-09-15,TRUE,122.5,5.62,0,116.88,17.44,0,0,134.32,3,3,11,0,11,3.67,38.96,36.06,80.82,,
2025-09-16,FALSE,274.5,117.12,0,157.38,17.4,0,0,174.78,5,5,10,0,10,2,31.48,96.89,60.49,,
2025-09-16,TRUE,578.75,16.25,0,562.5,104.73,0,0,667.23,18,14,45,0,45,2.5,31.25,156.1,406.4,,
2025-09-17,FALSE,66.5,0,0,66.5,17.36,0,0,83.86,2,2,4,0,4,2,33.25,8.38,58.12,,
2025-09-17,TRUE,539.01,129.07,0,409.94,24.1,0,0,434.04,8,7,31,3,28,3.88,51.24,155.05,254.89,,
2025-09-18,FALSE,220.5,74.95,0,145.55,8.81,0,0,154.36,3,3,12,0,12,4,48.52,73.26,72.29,,
2025-09-18,TRUE,414.54,30.62,0,383.92,61.03,0,0,444.95,9,9,38,0,38,4.22,42.66,127.18,256.74,,
2025-09-19,FALSE,29,0,0,29,8.68,0,0,37.68,1,1,1,0,1,1,29,8.38,20.62,,
2025-09-19,TRUE,957,3.75,0,953.25,17.4,0,0,970.65,18,17,80,0,80,4.44,52.96,208.74,744.51,,
2025-09-20,FALSE,1145.5,148.3,0,997.2,28.82,0,0,1026.02,35,5,60,0,60,1.71,28.49,379.19,618.01,,
2025-09-20,TRUE,45.13,0,0,45.13,8.53,0,0,53.66,1,1,1,0,1,1,45.13,15.12,30.01,,
2025-09-21,FALSE,737.5,42.5,0,695,0,0,0,695,27,2,42,0,42,1.56,25.74,267.74,427.26,,
2025-09-21,TRUE,166.5,0,0,166.5,29.1,0,0,195.6,4,4,10,0,10,2.5,41.63,46.61,119.89,,
2025-09-22,FALSE,1059.63,141.5,750,168.13,35.95,0,0,204.08,7,7,77,60,17,11,131.16,93.39,74.74,,
2025-09-22,TRUE,2959.52,2262.5,0,697.02,65.08,0,0,762.1,19,15,222,0,222,11.68,36.69,909.36,-212.34,,
2025-09-23,FALSE,198,19.8,0,178.2,20.14,0,0,198.34,2,2,8,0,8,4,89.1,73.66,104.54,,
2025-09-23,TRUE,287.5,0,0,287.5,17.44,0,0,304.94,5,5,22,0,22,4.4,57.5,74.85,212.65,,
2025-09-24,FALSE,326.5,20.1,0,306.4,43.51,0,0,349.91,7,7,28,0,28,4,43.77,104.37,202.03,,
2025-09-24,TRUE,437.89,0,23.76,414.13,32.35,0,0,446.48,13,11,40,2,38,3.08,33.68,103.22,310.91,,
2025-09-25,FALSE,241,54.55,0,186.45,58.51,0,0,244.96,6,6,17,0,17,2.83,31.08,71.26,115.19,,
2025-09-25,TRUE,2118.05,808.35,750,559.7,81.48,0,0,641.18,14,12,169,62,107,12.07,93.55,398.83,160.87,,
2025-09-26,FALSE,196.63,5.62,0,191.01,8.68,0,0,199.69,3,3,14,0,14,4.67,63.67,72.2,118.81,,
2025-09-26,TRUE,1140.63,59.15,0,1081.48,52.57,0,0,1134.05,21,20,72,0,72,3.43,51.5,369.86,711.62,,
2025-09-27,FALSE,841.5,73.12,0,768.38,30.83,0,0,799.21,32,4,53,0,53,1.66,24.01,252.9,515.48,,
2025-09-27,TRUE,191.01,22.62,0,168.39,48.55,0,0,216.94,5,5,12,0,12,2.4,33.68,54.06,114.33,,
2025-09-28,FALSE,862.5,55,25,782.5,27.78,0,0,810.28,38,3,54,1,53,1.42,21.25,266.99,515.51,,
2025-09-28,TRUE,1189.95,43.75,0,1146.2,95.83,0,0,1242.03,21,19,85,0,85,4.05,54.58,326.75,819.45,,
2025-09-29,FALSE,210,13.45,0,196.55,56.88,0,0,253.43,5,5,14,0,14,2.8,39.31,63.32,133.23,,
2025-09-29,TRUE,492.7,12.5,0,480.2,52.16,0,0,532.36,7,7,23,0,23,3.29,68.6,151.38,328.82,,
2025-09-30,FALSE,348.13,150,0,198.13,20.87,0,0,219,3,3,13,0,13,4.33,66.04,82.04,116.09,,
2025-09-30,TRUE,400.38,3.75,0,396.63,28.27,0,0,424.9,13,11,35,0,35,2.69,30.51,125.24,271.39,,
2025-10-01,FALSE,67.5,0,48,19.5,-8.81,0,0,10.69,1,1,7,5,2,7,67.5,9.26,10.24,,
2025-10-01,TRUE,363,0,0,363,38.22,0,0,401.22,6,6,27,0,27,4.5,60.5,121.63,241.37,,
2025-10-02,FALSE,50,0,0,50,14.17,0,0,64.17,1,1,5,0,5,5,50,15.98,34.02,,
2025-10-02,TRUE,507.25,103.82,0,403.43,57.24,0,0,460.67,7,7,32,0,32,4.57,57.63,166.56,236.87,,
2025-10-03,FALSE,268,57.77,0,210.23,42.29,0,0,252.52,5,5,19,0,19,3.8,42.05,90.33,119.9,,
2025-10-03,TRUE,58,0,0,58,8.72,0,0,66.72,3,3,3,0,3,1,19.33,16.76,41.24,,
2025-10-04,FALSE,1187.5,40,0,1147.5,17.53,0,0,1165.03,52,18,84,0,84,1.62,22.07,351.2,796.3,,
2025-10-04,TRUE,181,18.7,0,162.3,17.53,0,0,179.83,4,4,10,0,10,2.5,40.58,62.64,99.66,,
2025-10-05,FALSE,617.5,10,0,607.5,11.57,0,0,619.07,28,4,44,0,44,1.57,21.7,209.89,397.61,,
2025-10-05,TRUE,441.26,0,0,441.26,22.88,0,0,464.14,6,6,27,0,27,4.5,73.54,178.45,262.81,,
2025-10-06,FALSE,239.5,0,0,239.5,26.17,0,0,265.67,5,5,18,0,18,3.6,47.9,71.31,168.19,,
2025-10-06,TRUE,803,45,0,758,128.84,0,0,886.84,23,19,69,0,69,3,32.96,187.28,570.72,,
2025-10-07,FALSE,0,0,0,0,0,0,0,0,1,1,1,0,1,1,0,,0,,
2025-10-07,TRUE,657.5,12.5,0,645,66.35,0,0,711.35,13,12,58,0,58,4.46,49.62,188.92,456.08,,
2025-10-08,FALSE,875,266.25,0,608.75,17.44,0,0,626.19,4,4,68,0,68,17,152.19,270.19,338.56,,
2025-10-08,TRUE,215.5,15,0,200.5,61.44,0,0,261.94,9,8,21,0,21,2.33,22.28,69.94,130.56,,
2025-10-09,FALSE,210,137.32,0,72.68,20.89,0,0,93.57,7,7,18,0,18,2.57,10.38,60.75,11.93,,
2025-10-09,TRUE,870.43,34,0,836.43,80,0,0,916.43,16,15,39,0,39,2.44,52.28,249.45,586.98,,
2025-10-10,FALSE,75,0,0,75,8.81,0,0,83.81,2,2,8,0,8,4,37.5,19.34,55.66,,
2025-10-10,TRUE,297.38,17.5,35.63,244.25,11.56,1.8,0,257.61,6,6,23,1,22,3.83,46.65,80.63,163.62,,
2025-10-11,FALSE,2173,117.5,0,2055.5,0,0,0,2055.5,86,35,144,0,144,1.67,23.9,592.79,1462.71,,
2025-10-11,TRUE,521.14,15,0,506.14,8.21,0,0,514.35,11,11,40,0,40,3.64,46.01,150.49,355.65,,
2025-10-12,FALSE,66.5,0,0,66.5,0,0,0,66.5,3,3,6,1,5,2,22.17,19.99,46.51,,
2025-10-12,TRUE,325.83,0,0,325.83,21.06,0,0,346.89,4,4,11,0,11,2.75,81.46,107.39,218.44,,
2025-10-13,FALSE,185,10.1,0,174.9,62.55,0,0,237.45,6,6,12,0,12,2,29.15,51.99,122.91,,
2025-10-13,TRUE,1597.03,764.17,0,1582.86,170.16,0,0,1753.02,36,29,199,60,139,5.53,23.14,495.24,1087.62,,
2025-10-14,FALSE,41.5,29,0,12.5,8.68,0,0,21.18,2,2,2,0,2,1,6.25,12.72,-0.22,,
2025-10-14,TRUE,654.51,155,0,499.51,49.92,0,0,549.43,10,10,38,0,38,3.8,49.95,178.25,321.26,,
2025-10-15,FALSE,207.5,17.4,0,190.1,22.85,0,0,212.95,3,3,7,0,7,2.33,63.37,61.15,128.95,,
2025-10-15,TRUE,299.38,25,0,274.38,25.89,0,0,300.27,5,5,16,0,16,3.2,54.88,104.15,170.23,,
2025-10-16,FALSE,362,29,0,333,38.48,0,0,371.48,6,6,19,0,19,3.17,55.5,102.11,230.89,,
2025-10-16,TRUE,444.14,0,0,444.14,45.19,0,0,489.33,12,8,37,0,37,3.08,37.01,115.6,328.54,,
2025-10-17,FALSE,200.5,29,0,171.5,17.4,0,0,188.9,7,7,20,0,20,2.86,24.5,56.02,115.48,,
2025-10-17,TRUE,574.9,0,0,574.9,27.43,0,0,602.33,9,9,36,0,36,4,63.88,192.53,382.37,,
2025-10-18,FALSE,665,0,0,665,17.4,0,0,682.4,28,1,32,0,32,1.14,23.75,72.14,592.86,,
2025-10-18,TRUE,413.9,12,0,401.9,49.51,0,0,451.41,6,6,29,0,29,4.83,66.98,102.05,299.85,,
2025-10-19,FALSE,97.5,50,0,47.5,8.68,0,0,56.18,1,1,4,0,4,4,47.5,38.84,8.66,,
2025-10-19,TRUE,292.5,0,0,292.5,0,0,0,292.5,3,3,22,0,22,7.33,97.5,98.04,194.46,,
2025-10-20,FALSE,37,5.8,0,81.2,17.4,0,0,98.6,2,2,2,2,0,1,15.6,5.72,75.48,,
2025-10-20,TRUE,385,10.12,0,374.88,43.61,0,0,418.49,6,6,31,0,31,5.17,62.48,117.16,257.72,,
2025-10-21,FALSE,141.5,112.5,0,29,8.68,0,0,37.68,3,3,11,0,11,3.67,9.67,43.19,-14.19,,
2025-10-21,TRUE,789.13,51.25,0,737.88,73.43,0,0,811.31,19,15,53,0,53,2.79,38.84,246.34,491.54,,
2025-10-22,FALSE,12.5,0,0,12.5,9.08,0,0,21.58,4,4,4,0,4,1,3.13,,12.5,,
2025-10-22,TRUE,1117.88,513.12,0,604.76,67.71,0,0,672.47,12,10,72,3,69,6,50.4,345.42,259.34,,
2025-10-23,FALSE,353.5,152.9,0,200.6,21.54,0,0,222.14,5,5,20,0,20,4,40.12,112.09,88.51,,
2025-10-23,TRUE,-42.45,-25,0,132.55,20.65,0,0,153.2,6,5,15,7,8,2.5,-2.91,-27.35,159.9,,
2025-10-24,FALSE,313.5,0,0,313.5,18.2,0,0,331.7,8,8,21,0,21,2.63,39.19,108.1,205.4,,
2025-10-24,TRUE,1127.26,0,0,1127.26,37.04,0,0,1164.3,27,24,93,0,93,3.44,41.75,345.77,781.49,,
2025-10-25,FALSE,437.5,30,0,407.5,0,0,0,407.5,24,8,33,0,33,1.38,16.98,139.66,267.84,,
2025-10-25,TRUE,736.63,61.85,0,674.78,94.62,0,0,769.4,16,16,56,0,56,3.5,42.17,245.73,429.05,,
2025-10-26,FALSE,775,90,0,685,0,0,0,685,35,18,60,0,60,1.71,19.57,244.56,440.44,,
2025-10-26,TRUE,599.2,12.05,0,587.15,108.76,0,0,695.91,9,9,38,0,38,4.22,65.24,204.02,383.13,,
2025-10-27,FALSE,29,0,0,29,9.08,0,0,38.08,1,1,1,0,1,1,29,8.38,20.62,,
2025-10-27,TRUE,343.13,0,8.88,334.25,-22.07,0,0,312.18,4,4,26,0,26,6.5,85.78,108.86,225.39,,
2025-10-28,FALSE,137.5,9.37,0,128.13,9.3,0,0,137.43,2,2,6,0,6,3,64.07,21.05,107.08,,
2025-10-28,TRUE,582.88,337.5,0,245.38,41.18,0,0,286.56,6,6,40,0,40,6.67,40.9,174.24,71.14,,
2025-10-29,FALSE,167.5,16.75,0,150.75,42.55,0,0,193.3,3,3,13,0,13,4.33,50.25,59.51,91.24,,
2025-10-29,TRUE,513.13,200,0,313.13,61.27,0,0,374.4,7,7,31,0,31,4.43,44.73,168.18,144.95,,
2025-10-30,FALSE,116,17.4,0,98.6,9.21,0,0,107.81,1,1,1,0,1,1,98.6,33.52,65.08,,
2025-10-30,TRUE,605.5,0,0,630.5,42.09,0,0,672.59,11,9,49,1,48,4.45,55.05,233.08,397.42,,
2025-10-31,FALSE,184,37.5,0,146.5,0,0,0,146.5,5,5,14,0,14,2.8,29.3,49.79,96.71,,
2025-10-31,TRUE,964.5,112.5,0,852,12.46,0,0,864.46,19,19,87,0,87,4.58,44.84,260.04,591.96,,
2025-11-01,FALSE,1003,102.5,0,900.5,18.6,0,0,919.1,43,14,73,0,73,1.7,20.94,263.94,636.56,,
2025-11-01,TRUE,67.5,0,0,67.5,0,0,0,67.5,1,1,7,0,7,7,67.5,23.1,44.4,,
2025-11-02,FALSE,471.5,7.5,0,464,9.08,0,0,473.08,28,14,37,0,37,1.32,16.57,149.71,314.29,,
2025-11-02,TRUE,116.25,0,0,116.25,16.78,0,0,133.03,4,4,10,0,10,2.5,29.06,41.21,75.04,,
2025-11-03,FALSE,37.5,0,0,37.5,14.57,0,0,52.07,1,1,4,0,4,4,37.5,11.55,25.95,,
2025-11-03,TRUE,116,0,0,116,0,0,0,116,2,2,2,0,2,1,58,33.52,82.48,,
2025-11-04,FALSE,148,21.05,0,126.95,27.75,0,0,154.7,3,3,12,0,12,4,42.32,50.51,76.44,,
2025-11-04,TRUE,535.5,12,0,523.5,31.03,0,0,554.53,13,10,46,0,46,3.54,40.27,180.54,342.96,,
2025-11-05,FALSE,108,5.8,0,102.2,18.42,0,0,120.62,2,2,5,0,5,2.5,51.1,32.04,70.16,,
2025-11-05,TRUE,415.13,101.7,25,288.43,26.05,0,0,314.48,5,5,30,1,29,6,62.69,132.91,155.52,,
2025-11-06,FALSE,125.5,73.3,0,52.2,9.21,0,0,61.41,3,3,3,0,3,1,17.4,39.44,12.76,,
2025-11-06,TRUE,225.8,69.8,0,156,47.88,0,0,203.88,9,8,13,0,13,1.44,17.33,72.55,83.45,,
2025-11-07,FALSE,75,0,0,75,0,0,0,75,1,1,6,0,6,6,75,23.95,51.05,,
2025-11-07,TRUE,479.5,7.5,0,472,51.41,0,0,523.41,8,8,37,0,37,4.63,59,151.42,320.58,,
2025-11-08,FALSE,355,17.5,0,337.5,9.08,0,0,346.58,13,7,21,0,21,1.62,25.96,127.49,210.01,,
2025-11-08,TRUE,485,0,0,485,37.66,0,0,522.66,8,8,24,0,24,3,60.63,166.62,318.38,,
2025-11-09,FALSE,329,10,0,319,11.82,0,0,330.82,17,4,20,0,20,1.18,18.76,110.27,208.73,,
2025-11-09,TRUE,431.2,15,0,416.2,31.48,0,0,447.68,7,7,18,0,18,2.57,59.46,139.67,276.53,,
2025-11-10,FALSE,450.5,304.35,0,146.15,27.36,0,0,173.51,6,6,35,0,35,5.83,24.36,139.75,6.4,,
2025-11-10,TRUE,331.7,0,0,331.7,45.56,0,0,377.26,10,6,24,0,24,2.4,33.17,105.02,226.68,,
2025-11-11,FALSE,37.5,0,0,37.5,10.74,0,0,48.24,1,1,3,0,3,3,37.5,11.34,26.16,,
2025-11-11,TRUE,512.38,0,0,512.38,10.79,0,0,523.17,6,6,44,0,44,7.33,85.4,181.03,331.35,,
2025-11-12,FALSE,124.5,10.57,0,113.93,32.3,0,0,146.23,3,3,5,0,5,1.67,37.98,36.53,77.4,,
2025-11-12,TRUE,1968.38,584.52,0,1383.86,158.79,0,0,1542.65,16,16,103,0,103,6.44,86.49,643.73,740.13,,
2025-11-13,FALSE,228.5,199.5,0,29,12.46,0,0,41.46,6,6,15,0,15,2.5,4.83,68.64,-39.64,,
2025-11-13,TRUE,1670.77,270.56,0,1400.21,134.54,0,0,1534.75,17,15,107,0,107,6.29,82.37,597.29,802.92,,
2025-11-14,FALSE,346,61.94,0,284.06,45.96,0,0,330.02,6,6,22,0,22,3.67,47.34,114.15,169.91,,
2025-11-14,TRUE,824,159.51,0,664.49,91.76,0,0,756.25,11,11,65,0,65,5.91,60.41,298.88,365.61,,
2025-11-15,FALSE,425,35,0,390,9.21,0,0,399.21,16,6,30,0,30,1.88,24.38,138.34,251.66,,
2025-11-15,TRUE,628,121.17,0,506.83,55.73,0,0,562.56,9,9,38,0,38,4.22,56.31,205.87,300.96,,
2025-11-16,FALSE,472.88,35.95,0,436.93,36.67,0,0,473.6,14,9,30,0,30,2.14,31.21,156.45,280.48,,
2025-11-16,TRUE,1634.5,351.83,7.58,1275.09,171.14,0,0,1446.23,19,19,138,0,138,7.26,67.51,545.59,729.5,,
2025-11-17,FALSE,37.5,0,0,37.5,9.39,0,0,46.89,1,1,4,0,4,4,37.5,11.98,25.52,,
2025-11-17,TRUE,1420.25,852.86,0,567.39,97.29,0,0,664.68,12,12,105,0,105,8.75,47.28,463.39,104,,
2025-11-18,FALSE,87.5,15,0,72.5,9.08,0,0,81.58,2,2,6,0,6,3,36.25,29.05,43.45,,
2025-11-18,TRUE,1534.03,481.7,0,1052.33,74.86,0,0,1127.19,17,17,99,0,99,5.82,61.9,518.55,533.78,,
2025-11-19,FALSE,75,15,0,60,0,0,0,60,1,1,6,0,6,6,60,23.22,36.78,,
2025-11-19,TRUE,943,161.6,0,781.4,142.46,0,0,923.86,26,18,94,0,94,3.62,30.05,312.15,469.25,,
2025-11-20,FALSE,415.5,83.1,0,332.4,46.02,0,0,378.42,6,6,31,0,31,5.17,55.4,141.21,191.19,,
2025-11-20,TRUE,1548.18,397.7,0,1150.48,119.49,0,0,1269.97,21,20,119,0,119,5.67,54.78,520.6,629.88,,
2025-11-21,FALSE,210,42,0,168,18.91,0,0,186.91,3,3,17,0,17,5.67,56,77.65,90.35,,
2025-11-21,TRUE,1427.75,280.8,30,1116.95,107.47,4.36,0,1228.78,19,18,93,3,90,4.89,60.37,512.64,604.31,,
2025-11-22,FALSE,446,66.7,0,379.3,31.82,0,0,411.12,15,7,34,0,34,2.27,25.29,147.53,231.77,,
2025-11-22,TRUE,744.88,153.97,0,590.91,31.2,0,0,622.11,12,12,50,0,50,4.17,49.24,247.58,343.33,,
2025-11-23,FALSE,847,136.9,0,710.1,53.31,0,0,763.41,24,14,52,0,52,2.17,29.59,274.76,435.34,,
2025-11-23,TRUE,316.2,36.2,0,280,31.79,0,0,311.79,7,7,15,0,15,2.14,40,96.53,183.47,,
2025-11-24,FALSE,146.5,52.5,0,94,13.09,0,0,107.09,3,3,11,0,11,3.67,31.33,49.86,44.14,,
2025-11-24,TRUE,558.63,98.9,0,459.73,42.7,0,0,502.43,9,8,35,0,35,3.89,51.08,182.83,276.9,,
2025-11-25,FALSE,134,26.8,0,107.2,31.16,0,0,138.36,3,3,4,0,4,1.33,35.73,47.05,60.15,,
2025-11-25,TRUE,1056.13,264.54,0,791.59,69.39,0,0,860.98,14,14,76,0,76,5.43,56.54,368.1,423.49,,
2025-11-26,FALSE,290,58,0,232,0,0,0,232,3,3,14,0,14,4.67,77.33,107.74,124.26,,
2025-11-26,TRUE,2033.88,428,64.13,1616.75,101.18,0,0,1717.93,28,25,190,7,183,6.79,57.35,661.16,955.59,,
2025-11-27,FALSE,87.5,17.5,0,70,36.84,0,0,106.84,3,3,9,0,9,3,23.33,27.67,42.33,,
2025-11-27,TRUE,840,168,0,672,45.69,0,0,717.69,10,10,53,0,53,5.3,67.2,266.92,405.08,,
2025-11-28,FALSE,373,93.24,0,279.76,24.18,0,0,303.94,5,5,31,0,31,6.2,55.95,129.55,150.21,,
2025-11-28,TRUE,2254.63,619.84,0,1634.79,127.07,0,0,1761.86,25,25,176,0,176,7.04,65.39,874.13,760.66,,
2025-11-29,FALSE,449,112.24,0,336.76,42.61,0,0,379.37,7,7,29,0,29,4.14,48.11,149.38,187.38,,
2025-11-29,TRUE,1227.7,306.87,0,920.83,115.8,0,0,1036.63,16,16,99,0,99,6.19,57.55,447.41,473.42,,
2025-11-30,FALSE,714.1,178.52,0,535.58,86.67,0,0,622.25,11,11,56,0,56,5.09,48.69,242.48,293.1,,
2025-11-30,TRUE,1409,352.21,0,1056.79,92.84,0,0,1149.63,19,17,99,0,99,5.21,55.62,481.2,575.59,,
2025-12-01,FALSE,482,96.4,0,385.6,27.51,0,0,413.11,10,10,40,0,40,4,38.56,163.09,222.51,,
2025-12-01,TRUE,2978.25,540.9,74.13,2300.72,26.54,0,0,2327.26,51,49,234,3,231,4.59,47.79,1018.3,1282.42,,
2025-12-02,FALSE,315,30.75,0,284.25,9.32,0,0,293.57,11,8,27,0,27,2.45,25.84,94.22,190.03,,
2025-12-02,TRUE,506.63,107.1,0,399.53,12.66,0,0,412.19,8,8,31,0,31,3.88,49.94,188.44,211.09,,
2025-12-03,FALSE,126.5,2.5,0,124,45.57,0,0,169.57,4,4,6,0,6,1.5,31,38.63,85.37,,
2025-12-03,TRUE,344.5,7.5,0,337,24.18,0,0,361.18,7,6,27,0,27,3.86,48.14,118.42,218.58,,
2025-12-04,FALSE,37.5,0,0,37.5,9.41,0,0,46.91,1,1,4,0,4,4,37.5,12.01,25.49,,
2025-12-04,TRUE,269.45,5,0,264.45,31.24,0,0,295.69,5,5,12,0,12,2.4,52.89,91.82,172.63,,
2025-12-05,FALSE,62.5,0,0,62.5,22.47,0,0,84.97,2,2,5,0,5,2.5,31.25,22.18,40.32,,
2025-12-05,TRUE,362.38,35.95,0,326.43,29.03,0,0,355.46,10,7,35,0,35,3.5,32.64,125.73,200.7,,
2025-12-06,FALSE,212,13.5,0,198.5,31.57,0,0,230.07,4,4,19,0,19,4.75,49.63,70.34,128.16,,
2025-12-06,TRUE,187.5,26.25,0,161.25,36.77,0,0,198.02,4,4,11,0,11,2.75,40.31,56.78,104.47,,
2025-12-07,FALSE,337.5,26.25,0,311.25,40.65,0,0,351.9,5,5,25,0,25,5,62.25,126.99,184.26,,
2025-12-07,TRUE,1961.65,199,0,1762.65,131.41,0,0,1894.06,18,18,104,0,104,5.78,97.93,708.7,1053.95,,
2025-12-08,FALSE,482.5,0,0,482.5,21.57,0,0,504.07,8,8,31,0,31,3.88,60.31,191.65,290.85,,
2025-12-08,TRUE,719.13,30.12,0,689.01,47.43,0,0,736.44,11,10,45,0,45,4.09,62.64,267.74,421.27,,
2025-12-09,FALSE,228.5,23.02,0,205.48,10.94,0,0,216.42,3,3,7,0,7,2.33,68.49,77.77,127.71,,
2025-12-09,TRUE,404.13,105.5,0,298.63,41.16,0,0,339.79,5,5,22,0,22,4.4,59.73,153.57,145.06,,
2025-12-10,FALSE,37.5,3.75,0,33.75,9.41,0,0,43.16,1,1,4,0,4,4,33.75,11.4,22.35,,
2025-12-10,TRUE,324.25,30,0,294.25,29.5,0,0,323.75,8,7,25,0,25,3.13,36.78,106.56,187.69,,
2025-12-11,FALSE,25,0,0,25,10.54,0,0,35.54,1,1,2,0,2,2,25,7.79,17.21,,
2025-12-11,TRUE,567.42,49.85,0,517.57,66.88,0,0,584.45,15,10,40,0,40,2.67,34.5,211.03,306.54,,
2025-12-12,FALSE,62.5,3.75,0,58.75,18.86,0,0,77.61,2,2,5,0,5,2.5,29.38,21.72,37.03,,
2025-12-12,TRUE,362.5,35.5,0,327,34.84,0,0,361.84,6,6,28,0,28,4.67,54.5,140.86,186.14,,
2025-12-13,FALSE,148,15,0,133,14.77,0,0,147.77,2,2,13,0,13,6.5,66.5,47.27,85.73,,
2025-12-13,TRUE,152.76,19.97,0,132.79,46.16,0,0,178.95,4,4,11,0,11,2.75,33.2,48.62,84.17,,
2025-12-14,TRUE,499.89,165,0,334.89,18.4,0,0,353.29,5,5,23,0,23,4.6,66.98,138.52,196.37,,
2025-12-15,FALSE,112.5,0,0,112.5,11.4,0,0,123.9,3,3,10,0,10,3.33,37.5,36.32,76.18,,
2025-12-15,TRUE,1052.13,30,0,1022.13,86.26,0,0,1108.39,26,24,73,0,73,2.81,39.31,355.36,666.77,,
2025-12-16,FALSE,73,0,0,73,9.28,0,0,82.28,3,3,8,0,8,2.67,24.33,22.81,50.19,,
2025-12-16,TRUE,377.5,140,0,237.5,24.33,0,0,261.83,6,6,34,0,34,5.67,39.58,125.77,111.73,,
2025-12-17,TRUE,796.08,52.5,0,743.58,47.04,0,0,790.62,12,11,49,0,49,4.08,61.97,270.44,473.14,,
2025-12-18,TRUE,587.75,54.2,0,533.55,43.42,0,0,576.97,10,10,48,0,48,4.8,53.36,217.7,315.85,,
2025-12-19,FALSE,112.5,0,0,112.5,13.77,0,0,126.27,2,2,8,0,8,4,56.25,40.7,71.8,,
2025-12-19,TRUE,480.01,135,0,345.01,65.73,0,0,410.74,9,6,20,0,20,2.22,38.33,156.56,188.45,,
2025-12-20,FALSE,902.63,43.84,0,858.79,19.93,0,0,878.72,34,21,44,0,44,1.29,25.26,113.15,745.64,,
2025-12-20,TRUE,376.63,38.6,0,338.03,39.34,0,0,377.37,6,6,25,0,25,4.17,56.34,135.62,202.41,,
2025-12-21,FALSE,438.5,0,0,438.5,28.75,0,0,467.25,18,9,22,0,22,1.22,24.36,37.05,401.45,,
2025-12-21,TRUE,357.33,80.62,0,276.71,38.27,0,0,314.98,5,5,14,0,14,2.8,55.34,112.37,164.34,,
2025-12-22,FALSE,74.38,24.38,5.62,44.38,18.4,0,0,62.78,3,3,4,0,4,1.33,16.67,22.85,21.53,,
2025-12-22,TRUE,1186.92,649.42,0,537.5,93.01,0,0,630.51,21,8,66,0,66,3.14,25.6,364.44,173.06,,
2025-12-23,FALSE,330,91.24,0,238.76,24.83,0,0,263.59,6,6,27,2,25,4.5,39.79,102.03,136.73,,
2025-12-23,TRUE,450.76,59.5,0,391.26,62.18,0,0,453.44,8,7,26,29,-3,3.25,48.91,49.19,342.07,,
2025-12-24,TRUE,422.5,73.24,0,349.26,25.67,0,0,374.93,6,6,26,0,26,4.33,58.21,160.12,189.14,,
2025-12-25,FALSE,37.5,0,0,37.5,8.39,0,0,45.89,1,1,4,0,4,4,37.5,11.91,25.59,,
2025-12-26,FALSE,125,15.62,0,109.38,11.89,0,0,121.27,2,2,8,0,8,4,54.69,42.39,66.99,,
2025-12-26,TRUE,1199.26,230.74,0,968.52,77.22,0,0,1045.74,16,16,96,0,96,6,60.53,417.94,550.58,,
2025-12-27,FALSE,297.5,42.12,0,255.38,9.02,0,0,264.4,3,3,25,0,25,8.33,85.13,97.65,157.73,,
2025-12-27,TRUE,474.5,49.27,0,425.23,48.8,0,0,474.03,7,6,18,0,18,2.57,60.75,155.27,269.96,,
2025-12-28,FALSE,120.5,11.82,0,108.68,24.49,0,0,133.17,3,3,6,0,6,2,36.23,36.89,71.79,,
2025-12-28,TRUE,1491.83,289.86,0,1201.97,154.05,0,0,1356.02,25,25,100,0,100,4,48.08,499.02,702.95,,
2025-12-29,FALSE,135,0,0,135,0,0,0,135,2,2,14,0,14,7,67.5,46.68,88.32,,
2025-12-29,TRUE,441,96.99,0,344.01,33.97,0,0,377.98,7,7,42,0,42,6,49.14,149.09,194.92,,
2025-12-30,FALSE,281,126.12,0,154.88,49.76,0,0,204.64,8,8,22,6,16,2.75,19.36,58.3,96.58,,
2025-12-30,TRUE,448.88,194.22,0,254.66,75.79,0,0,330.45,19,10,35,3,32,1.84,13.4,142.36,112.3,,
2025-12-31,FALSE,37.5,5.62,0,31.88,9.3,0,0,41.18,1,1,4,0,4,4,31.88,11.61,20.27,,
2025-12-31,TRUE,330.7,16.57,0,314.13,26.74,0,0,340.87,5,5,22,0,22,4.4,62.83,107.68,206.45,,